facet_id,facet_raw,facet_normalized,facet_key,catalogue_id,source_qualifier,facet_type,conversation_observable,sensitivity,abstention_reason,scoring_definition,score_anchors,retrieval_text,is_header_like,has_numeric_prefix,has_encoding_artifact,classification_rule
F0001,Risktaking,Risktaking,risktaking,,,behavioral_tendency,True,low,,"Rate how strongly the speaker describes acting in ways characteristic of 'Risktaking', on a 1-5 scale.","1=no or very weak evidence | 2=weak / passing evidence | 3=moderate, explicit evidence | 4=strong, elaborated evidence | 5=very strong, repeated or richly detailed evidence","Risktaking. behavioral tendency. Rate how strongly the speaker describes acting in ways characteristic of 'Risktaking', on a 1-5 scale.",False,False,False,behavioral_tendency
F0002,Naivety,Naivety,naivety,,,personality_trait,True,low,,"Rate how strongly the speaker's own words display the disposition 'Naivety', on a 1-5 scale.","1=no or very weak evidence | 2=weak / passing evidence | 3=moderate, explicit evidence | 4=strong, elaborated evidence | 5=very strong, repeated or richly detailed evidence","Naivety. personality trait. Rate how strongly the speaker's own words display the disposition 'Naivety', on a 1-5 scale.",False,False,False,fallback_bare_trait_noun
F0003,Acidity,Acidity,acidity,,,personality_trait,True,low,,"Rate how strongly the speaker's own words display the disposition 'Acidity', on a 1-5 scale.","1=no or very weak evidence | 2=weak / passing evidence | 3=moderate, explicit evidence | 4=strong, elaborated evidence | 5=very strong, repeated or richly detailed evidence","Acidity. personality trait. Rate how strongly the speaker's own words display the disposition 'Acidity', on a 1-5 scale.",False,False,False,fallback_bare_trait_noun
F0004,Democratic Leadership:,Democratic Leadership,democratic leadership,,,instrument_or_scale_header,False,low,malformed_or_header_row,NOT SCORABLE FROM CONVERSATION. 'Democratic Leadership' is classified as instrument_or_scale_header; establishing it requires evidence outside the transcript (malformed_or_header_row).,,Democratic Leadership. instrument or scale header. NOT SCORABLE FROM CONVERSATION. 'Democratic Leadership' is classified as instrument_or_scale_header; establishing it requires evidence outside the transcript (malformed_or_header_row).,True,False,False,structural_header
F0005,Common-sense,Common-sense,common sense,,,personality_trait,True,low,,"Rate how strongly the speaker's own words display the disposition 'Common-sense', on a 1-5 scale.","1=no or very weak evidence | 2=weak / passing evidence | 3=moderate, explicit evidence | 4=strong, elaborated evidence | 5=very strong, repeated or richly detailed evidence","Common-sense. personality trait. Rate how strongly the speaker's own words display the disposition 'Common-sense', on a 1-5 scale.",False,False,False,fallback_bare_trait_noun
F0006,Hesitation,Hesitation,hesitation,,,behavioral_tendency,True,low,,"Rate how strongly the speaker describes acting in ways characteristic of 'Hesitation', on a 1-5 scale.","1=no or very weak evidence | 2=weak / passing evidence | 3=moderate, explicit evidence | 4=strong, elaborated evidence | 5=very strong, repeated or richly detailed evidence","Hesitation. behavioral tendency. Rate how strongly the speaker describes acting in ways characteristic of 'Hesitation', on a 1-5 scale.",False,False,False,behavioral_tendency
F0007,Discontentment,Discontentment,discontentment,,,emotional_state,True,medium,,"Rate how strongly the speaker expresses or reports the emotional state 'Discontentment', on a 1-5 scale.","1=no or very weak evidence | 2=weak / passing evidence | 3=moderate, explicit evidence | 4=strong, elaborated evidence | 5=very strong, repeated or richly detailed evidence","Discontentment. emotional state. Rate how strongly the speaker expresses or reports the emotional state 'Discontentment', on a 1-5 scale.",False,False,False,emotional
F0008,Overprotectiveness,Overprotectiveness,overprotectiveness,,,personality_trait,True,low,,"Rate how strongly the speaker's own words display the disposition 'Overprotectiveness', on a 1-5 scale.","1=no or very weak evidence | 2=weak / passing evidence | 3=moderate, explicit evidence | 4=strong, elaborated evidence | 5=very strong, repeated or richly detailed evidence","Overprotectiveness. personality trait. Rate how strongly the speaker's own words display the disposition 'Overprotectiveness', on a 1-5 scale.",False,False,False,fallback_bare_trait_noun
F0009,Merriness,Merriness,merriness,,,emotional_state,True,medium,,"Rate how strongly the speaker expresses or reports the emotional state 'Merriness', on a 1-5 scale.","1=no or very weak evidence | 2=weak / passing evidence | 3=moderate, explicit evidence | 4=strong, elaborated evidence | 5=very strong, repeated or richly detailed evidence","Merriness. emotional state. Rate how strongly the speaker expresses or reports the emotional state 'Merriness', on a 1-5 scale.",False,False,False,emotional
F0010,Emotionalism,Emotionalism,emotionalism,,,personality_trait,True,low,,"Rate how strongly the speaker's own words display the disposition 'Emotionalism', on a 1-5 scale.","1=no or very weak evidence | 2=weak / passing evidence | 3=moderate, explicit evidence | 4=strong, elaborated evidence | 5=very strong, repeated or richly detailed evidence","Emotionalism. personality trait. Rate how strongly the speaker's own words display the disposition 'Emotionalism', on a 1-5 scale.",False,False,False,fallback_bare_trait_noun
F0011,Self-improvement,Self-improvement,self improvement,,,personality_trait,True,low,,"Rate how strongly the speaker's own words display the disposition 'Self-improvement', on a 1-5 scale.","1=no or very weak evidence | 2=weak / passing evidence | 3=moderate, explicit evidence | 4=strong, elaborated evidence | 5=very strong, repeated or richly detailed evidence","Self-improvement. personality trait. Rate how strongly the speaker's own words display the disposition 'Self-improvement', on a 1-5 scale.",False,False,False,fallback_bare_trait_noun
F0012,Statistical Reasoning,Statistical Reasoning,statistical reasoning,,,cognitive_test_ability,False,low,requires_standardised_assessment,NOT SCORABLE FROM CONVERSATION. 'Statistical Reasoning' is classified as cognitive_test_ability; establishing it requires evidence outside the transcript (requires_standardised_assessment).,,Statistical Reasoning. cognitive test ability. NOT SCORABLE FROM CONVERSATION. 'Statistical Reasoning' is classified as cognitive_test_ability; establishing it requires evidence outside the transcript (requires_standardised_assessment).,False,False,False,cognitive_test_academic
F0013,Assertiveness and control in relationships,Assertiveness and control in relationships,assertiveness and control in relationships,,,interpersonal,True,low,,"Rate how strongly the speaker describes relating to others in terms of 'Assertiveness and control in relationships', on a 1-5 scale.","1=no or very weak evidence | 2=weak / passing evidence | 3=moderate, explicit evidence | 4=strong, elaborated evidence | 5=very strong, repeated or richly detailed evidence","Assertiveness and control in relationships. interpersonal. Rate how strongly the speaker describes relating to others in terms of 'Assertiveness and control in relationships', on a 1-5 scale.",False,False,False,interpersonal
F0014,Cunningness,Cunningness,cunningness,,,personality_trait,True,low,,"Rate how strongly the speaker's own words display the disposition 'Cunningness', on a 1-5 scale.","1=no or very weak evidence | 2=weak / passing evidence | 3=moderate, explicit evidence | 4=strong, elaborated evidence | 5=very strong, repeated or richly detailed evidence","Cunningness. personality trait. Rate how strongly the speaker's own words display the disposition 'Cunningness', on a 1-5 scale.",False,False,False,fallback_bare_trait_noun
F0015,Adventure-Seeking Behavior,Adventure-Seeking Behavior,adventure seeking behavior,,,behavioral_tendency,True,low,,"Rate how strongly the speaker describes acting in ways characteristic of 'Adventure-Seeking Behavior', on a 1-5 scale.","1=no or very weak evidence | 2=weak / passing evidence | 3=moderate, explicit evidence | 4=strong, elaborated evidence | 5=very strong, repeated or richly detailed evidence","Adventure-Seeking Behavior. behavioral tendency. Rate how strongly the speaker describes acting in ways characteristic of 'Adventure-Seeking Behavior', on a 1-5 scale.",False,False,False,behavioral_tendency
F0016,Compassion Fatigue,Compassion Fatigue,compassion fatigue,,,clinical_mental_health,False,high,requires_clinical_assessment,NOT SCORABLE FROM CONVERSATION. 'Compassion Fatigue' is classified as clinical_mental_health; establishing it requires evidence outside the transcript (requires_clinical_assessment).,,Compassion Fatigue. clinical mental health. NOT SCORABLE FROM CONVERSATION. 'Compassion Fatigue' is classified as clinical_mental_health; establishing it requires evidence outside the transcript (requires_clinical_assessment).,False,False,False,clinical_named_scale
F0017,Moroseness,Moroseness,moroseness,,,emotional_state,True,medium,,"Rate how strongly the speaker expresses or reports the emotional state 'Moroseness', on a 1-5 scale.","1=no or very weak evidence | 2=weak / passing evidence | 3=moderate, explicit evidence | 4=strong, elaborated evidence | 5=very strong, repeated or richly detailed evidence","Moroseness. emotional state. Rate how strongly the speaker expresses or reports the emotional state 'Moroseness', on a 1-5 scale.",False,False,False,emotional
F0018,Specialist,Specialist,specialist,,,personality_trait,True,low,,"Rate how strongly the speaker's own words display the disposition 'Specialist', on a 1-5 scale.","1=no or very weak evidence | 2=weak / passing evidence | 3=moderate, explicit evidence | 4=strong, elaborated evidence | 5=very strong, repeated or richly detailed evidence","Specialist. personality trait. Rate how strongly the speaker's own words display the disposition 'Specialist', on a 1-5 scale.",False,False,False,fallback_bare_trait_noun
F0019,Aloofness,Aloofness,aloofness,,,personality_trait,True,low,,"Rate how strongly the speaker's own words display the disposition 'Aloofness', on a 1-5 scale.","1=no or very weak evidence | 2=weak / passing evidence | 3=moderate, explicit evidence | 4=strong, elaborated evidence | 5=very strong, repeated or richly detailed evidence","Aloofness. personality trait. Rate how strongly the speaker's own words display the disposition 'Aloofness', on a 1-5 scale.",False,False,False,fallback_bare_trait_noun
F0020,Genuine,Genuine,genuine,,,personality_trait,True,low,,"Rate how strongly the speaker's own words display the disposition 'Genuine', on a 1-5 scale.","1=no or very weak evidence | 2=weak / passing evidence | 3=moderate, explicit evidence | 4=strong, elaborated evidence | 5=very strong, repeated or richly detailed evidence","Genuine. personality trait. Rate how strongly the speaker's own words display the disposition 'Genuine', on a 1-5 scale.",False,False,False,fallback_bare_trait_noun
F0021,Determinedness,Determinedness,determinedness,,,personality_trait,True,low,,"Rate how strongly the speaker's own words display the disposition 'Determinedness', on a 1-5 scale.","1=no or very weak evidence | 2=weak / passing evidence | 3=moderate, explicit evidence | 4=strong, elaborated evidence | 5=very strong, repeated or richly detailed evidence","Determinedness. personality trait. Rate how strongly the speaker's own words display the disposition 'Determinedness', on a 1-5 scale.",False,False,False,fallback_bare_trait_noun
F0022,HonestyHumility:,HonestyHumility,honestyhumility,,,instrument_or_scale_header,False,low,malformed_or_header_row,NOT SCORABLE FROM CONVERSATION. 'HonestyHumility' is classified as instrument_or_scale_header; establishing it requires evidence outside the transcript (malformed_or_header_row).,,HonestyHumility. instrument or scale header. NOT SCORABLE FROM CONVERSATION. 'HonestyHumility' is classified as instrument_or_scale_header; establishing it requires evidence outside the transcript (malformed_or_header_row).,True,False,False,structural_header
F0023,Relationship Building Themes:,Relationship Building Themes,relationship building themes,,,instrument_or_scale_header,False,low,malformed_or_header_row,NOT SCORABLE FROM CONVERSATION. 'Relationship Building Themes' is classified as instrument_or_scale_header; establishing it requires evidence outside the transcript (malformed_or_header_row).,,Relationship Building Themes. instrument or scale header. NOT SCORABLE FROM CONVERSATION. 'Relationship Building Themes' is classified as instrument_or_scale_header; establishing it requires evidence outside the transcript (malformed_or_header_row).,True,False,False,structural_header
F0024,Pure Challenge,Pure Challenge,pure challenge,,,personality_trait,True,low,,"Rate how strongly the speaker's own words display the disposition 'Pure Challenge', on a 1-5 scale.","1=no or very weak evidence | 2=weak / passing evidence | 3=moderate, explicit evidence | 4=strong, elaborated evidence | 5=very strong, repeated or richly detailed evidence","Pure Challenge. personality trait. Rate how strongly the speaker's own words display the disposition 'Pure Challenge', on a 1-5 scale.",False,False,False,fallback_bare_trait_noun
F0025,Numerical Reasoning Subcomponents:,Numerical Reasoning Subcomponents,numerical reasoning subcomponents,,,instrument_or_scale_header,False,low,malformed_or_header_row,NOT SCORABLE FROM CONVERSATION. 'Numerical Reasoning Subcomponents' is classified as instrument_or_scale_header; establishing it requires evidence outside the transcript (malformed_or_header_row).,,Numerical Reasoning Subcomponents. instrument or scale header. NOT SCORABLE FROM CONVERSATION. 'Numerical Reasoning Subcomponents' is classified as instrument_or_scale_header; establishing it requires evidence outside the transcript (malformed_or_header_row).,True,False,False,structural_header
F0026,Openness,Openness,openness,,,cognitive_style,True,low,,"Rate how strongly the speaker's reasoning in this conversation exhibits 'Openness', on a 1-5 scale.","1=no or very weak evidence | 2=weak / passing evidence | 3=moderate, explicit evidence | 4=strong, elaborated evidence | 5=very strong, repeated or richly detailed evidence","Openness. cognitive style. Rate how strongly the speaker's reasoning in this conversation exhibits 'Openness', on a 1-5 scale.",False,False,False,cognitive_style
F0027,SelfEsteem,SelfEsteem,selfesteem,,,personality_trait,True,low,,"Rate how strongly the speaker's own words display the disposition 'SelfEsteem', on a 1-5 scale.","1=no or very weak evidence | 2=weak / passing evidence | 3=moderate, explicit evidence | 4=strong, elaborated evidence | 5=very strong, repeated or richly detailed evidence","SelfEsteem. personality trait. Rate how strongly the speaker's own words display the disposition 'SelfEsteem', on a 1-5 scale.",False,False,False,fallback_bare_trait_noun
F0028,Comparing alphanumeric data,Comparing alphanumeric data,comparing alphanumeric data,,,cognitive_test_ability,False,low,requires_standardised_assessment,NOT SCORABLE FROM CONVERSATION. 'Comparing alphanumeric data' is classified as cognitive_test_ability; establishing it requires evidence outside the transcript (requires_standardised_assessment).,,Comparing alphanumeric data. cognitive test ability. NOT SCORABLE FROM CONVERSATION. 'Comparing alphanumeric data' is classified as cognitive_test_ability; establishing it requires evidence outside the transcript (requires_standardised_assessment).,False,False,False,cognitive_test_score
F0029,Big-heartedness,Big-heartedness,big heartedness,,,personality_trait,True,low,,"Rate how strongly the speaker's own words display the disposition 'Big-heartedness', on a 1-5 scale.","1=no or very weak evidence | 2=weak / passing evidence | 3=moderate, explicit evidence | 4=strong, elaborated evidence | 5=very strong, repeated or richly detailed evidence","Big-heartedness. personality trait. Rate how strongly the speaker's own words display the disposition 'Big-heartedness', on a 1-5 scale.",False,False,False,fallback_bare_trait_noun
F0030,Compulsive activities,Compulsive activities,compulsive activities,,,behavioral_tendency,True,low,,"Rate how strongly the speaker describes acting in ways characteristic of 'Compulsive activities', on a 1-5 scale.","1=no or very weak evidence | 2=weak / passing evidence | 3=moderate, explicit evidence | 4=strong, elaborated evidence | 5=very strong, repeated or richly detailed evidence","Compulsive activities. behavioral tendency. Rate how strongly the speaker describes acting in ways characteristic of 'Compulsive activities', on a 1-5 scale.",False,False,False,behavioral_tendency
F0031,Disrespect,Disrespect,disrespect,,,interpersonal,True,low,,"Rate how strongly the speaker describes relating to others in terms of 'Disrespect', on a 1-5 scale.","1=no or very weak evidence | 2=weak / passing evidence | 3=moderate, explicit evidence | 4=strong, elaborated evidence | 5=very strong, repeated or richly detailed evidence","Disrespect. interpersonal. Rate how strongly the speaker describes relating to others in terms of 'Disrespect', on a 1-5 scale.",False,False,False,interpersonal
F0032,FSH level,FSH level,fsh level,,,biometric_physiological,False,high,requires_biometric_measurement,NOT SCORABLE FROM CONVERSATION. 'FSH level' is classified as biometric_physiological; establishing it requires evidence outside the transcript (requires_biometric_measurement).,,FSH level. biometric physiological. NOT SCORABLE FROM CONVERSATION. 'FSH level' is classified as biometric_physiological; establishing it requires evidence outside the transcript (requires_biometric_measurement).,False,False,False,biomarker_named_analyte
F0033,Self Perspective,Self Perspective,self perspective,,,personality_trait,True,low,,"Rate how strongly the speaker's own words display the disposition 'Self Perspective', on a 1-5 scale.","1=no or very weak evidence | 2=weak / passing evidence | 3=moderate, explicit evidence | 4=strong, elaborated evidence | 5=very strong, repeated or richly detailed evidence","Self Perspective. personality trait. Rate how strongly the speaker's own words display the disposition 'Self Perspective', on a 1-5 scale.",False,False,False,fallback_bare_trait_noun
F0034,Desperation,Desperation,desperation,,,emotional_state,True,medium,,"Rate how strongly the speaker expresses or reports the emotional state 'Desperation', on a 1-5 scale.","1=no or very weak evidence | 2=weak / passing evidence | 3=moderate, explicit evidence | 4=strong, elaborated evidence | 5=very strong, repeated or richly detailed evidence","Desperation. emotional state. Rate how strongly the speaker expresses or reports the emotional state 'Desperation', on a 1-5 scale.",False,False,False,emotional
F0035,Affiliation Motivation:,Affiliation Motivation,affiliation motivation,,,instrument_or_scale_header,False,low,malformed_or_header_row,NOT SCORABLE FROM CONVERSATION. 'Affiliation Motivation' is classified as instrument_or_scale_header; establishing it requires evidence outside the transcript (malformed_or_header_row).,,Affiliation Motivation. instrument or scale header. NOT SCORABLE FROM CONVERSATION. 'Affiliation Motivation' is classified as instrument_or_scale_header; establishing it requires evidence outside the transcript (malformed_or_header_row).,True,False,False,structural_header
F0036,Anatomy knowledge,Anatomy knowledge,anatomy knowledge,,,cognitive_test_ability,False,low,requires_standardised_assessment,NOT SCORABLE FROM CONVERSATION. 'Anatomy knowledge' is classified as cognitive_test_ability; establishing it requires evidence outside the transcript (requires_standardised_assessment).,,Anatomy knowledge. cognitive test ability. NOT SCORABLE FROM CONVERSATION. 'Anatomy knowledge' is classified as cognitive_test_ability; establishing it requires evidence outside the transcript (requires_standardised_assessment).,False,False,False,cognitive_test_academic
F0037,Passive-Aggressive,Passive-Aggressive,passive aggressive,,,personality_trait,True,low,,"Rate how strongly the speaker's own words display the disposition 'Passive-Aggressive', on a 1-5 scale.","1=no or very weak evidence | 2=weak / passing evidence | 3=moderate, explicit evidence | 4=strong, elaborated evidence | 5=very strong, repeated or richly detailed evidence","Passive-Aggressive. personality trait. Rate how strongly the speaker's own words display the disposition 'Passive-Aggressive', on a 1-5 scale.",False,False,False,fallback_bare_trait_noun
F0038,Presence of Spiritual Pain,Presence of Spiritual Pain,presence of spiritual pain,,,clinical_mental_health,False,high,requires_clinical_assessment,NOT SCORABLE FROM CONVERSATION. 'Presence of Spiritual Pain' is classified as clinical_mental_health; establishing it requires evidence outside the transcript (requires_clinical_assessment).,,Presence of Spiritual Pain. clinical mental health. NOT SCORABLE FROM CONVERSATION. 'Presence of Spiritual Pain' is classified as clinical_mental_health; establishing it requires evidence outside the transcript (requires_clinical_assessment).,False,False,False,clinical_symptom_language
F0039,Role of Spirituality in Community Involvement,Role of Spirituality in Community Involvement,role of spirituality in community involvement,,,spiritual_religious_disposition,True,medium,,"Rate how strongly the speaker expresses the disposition 'Role of Spirituality in Community Involvement', without inferring any specific tradition or affiliation, on a 1-5 scale.","1=no or very weak evidence | 2=weak / passing evidence | 3=moderate, explicit evidence | 4=strong, elaborated evidence | 5=very strong, repeated or richly detailed evidence","Role of Spirituality in Community Involvement. spiritual religious disposition. Rate how strongly the speaker expresses the disposition 'Role of Spirituality in Community Involvement', without inferring any specific tradition or affiliation, on a 1-5 scale.",False,False,False,spiritual_disposition
F0040,Structure,Structure,structure,,,behavioral_tendency,True,low,,"Rate how strongly the speaker describes acting in ways characteristic of 'Structure', on a 1-5 scale.","1=no or very weak evidence | 2=weak / passing evidence | 3=moderate, explicit evidence | 4=strong, elaborated evidence | 5=very strong, repeated or richly detailed evidence","Structure. behavioral tendency. Rate how strongly the speaker describes acting in ways characteristic of 'Structure', on a 1-5 scale.",False,False,False,behavioral_tendency
F0041,Eco-tourism trips,Eco-tourism trips,eco tourism trips,,,preference_lifestyle,True,medium,,"Rate how strongly the speaker states a preference or habit reflecting 'Eco-tourism trips', on a 1-5 scale.","1=no or very weak evidence | 2=weak / passing evidence | 3=moderate, explicit evidence | 4=strong, elaborated evidence | 5=very strong, repeated or richly detailed evidence","Eco-tourism trips. preference lifestyle. Rate how strongly the speaker states a preference or habit reflecting 'Eco-tourism trips', on a 1-5 scale.",False,False,False,preference_lifestyle
F0042,Chivalrousness,Chivalrousness,chivalrousness,,,interpersonal,True,low,,"Rate how strongly the speaker describes relating to others in terms of 'Chivalrousness', on a 1-5 scale.","1=no or very weak evidence | 2=weak / passing evidence | 3=moderate, explicit evidence | 4=strong, elaborated evidence | 5=very strong, repeated or richly detailed evidence","Chivalrousness. interpersonal. Rate how strongly the speaker describes relating to others in terms of 'Chivalrousness', on a 1-5 scale.",False,False,False,interpersonal
F0043,Pilgrimage participation count,Pilgrimage participation count,pilgrimage participation count,,,quantified_activity_metric,False,low,requires_external_records,NOT SCORABLE FROM CONVERSATION. 'Pilgrimage participation count' is classified as quantified_activity_metric; establishing it requires evidence outside the transcript (requires_external_records).,,Pilgrimage participation count. quantified activity metric. NOT SCORABLE FROM CONVERSATION. 'Pilgrimage participation count' is classified as quantified_activity_metric; establishing it requires evidence outside the transcript (requires_external_records).,False,False,False,quantified_count_noun
F0044,Mindfulness facet: Observing,Observing,observing,,Mindfulness facet,spiritual_religious_disposition,True,medium,,"Rate how strongly the speaker expresses the disposition 'Observing', without inferring any specific tradition or affiliation, on a 1-5 scale.","1=no or very weak evidence | 2=weak / passing evidence | 3=moderate, explicit evidence | 4=strong, elaborated evidence | 5=very strong, repeated or richly detailed evidence","Observing. spiritual religious disposition. Rate how strongly the speaker expresses the disposition 'Observing', without inferring any specific tradition or affiliation, on a 1-5 scale.",False,False,False,spiritual_disposition
F0045,Submissiveness,Submissiveness,submissiveness,,,personality_trait,True,low,,"Rate how strongly the speaker's own words display the disposition 'Submissiveness', on a 1-5 scale.","1=no or very weak evidence | 2=weak / passing evidence | 3=moderate, explicit evidence | 4=strong, elaborated evidence | 5=very strong, repeated or richly detailed evidence","Submissiveness. personality trait. Rate how strongly the speaker's own words display the disposition 'Submissiveness', on a 1-5 scale.",False,False,False,fallback_bare_trait_noun
F0046,Training-cycle length,Training-cycle length,training cycle length,,,quantified_activity_metric,False,low,requires_external_records,NOT SCORABLE FROM CONVERSATION. 'Training-cycle length' is classified as quantified_activity_metric; establishing it requires evidence outside the transcript (requires_external_records).,,Training-cycle length. quantified activity metric. NOT SCORABLE FROM CONVERSATION. 'Training-cycle length' is classified as quantified_activity_metric; establishing it requires evidence outside the transcript (requires_external_records).,False,False,False,quantified_count_noun
F0047,Sensitiveness,Sensitiveness,sensitiveness,,,personality_trait,True,low,,"Rate how strongly the speaker's own words display the disposition 'Sensitiveness', on a 1-5 scale.","1=no or very weak evidence | 2=weak / passing evidence | 3=moderate, explicit evidence | 4=strong, elaborated evidence | 5=very strong, repeated or richly detailed evidence","Sensitiveness. personality trait. Rate how strongly the speaker's own words display the disposition 'Sensitiveness', on a 1-5 scale.",False,False,False,fallback_bare_trait_noun
F0048,Negative Affect Frequency,Negative Affect Frequency,negative affect frequency,,,quantified_activity_metric,False,low,requires_external_records,NOT SCORABLE FROM CONVERSATION. 'Negative Affect Frequency' is classified as quantified_activity_metric; establishing it requires evidence outside the transcript (requires_external_records).,,Negative Affect Frequency. quantified activity metric. NOT SCORABLE FROM CONVERSATION. 'Negative Affect Frequency' is classified as quantified_activity_metric; establishing it requires evidence outside the transcript (requires_external_records).,False,False,False,quantified_count_noun
F0049,Innovation and Creativity Components:,Innovation and Creativity Components,innovation and creativity components,,,instrument_or_scale_header,False,low,malformed_or_header_row,NOT SCORABLE FROM CONVERSATION. 'Innovation and Creativity Components' is classified as instrument_or_scale_header; establishing it requires evidence outside the transcript (malformed_or_header_row).,,Innovation and Creativity Components. instrument or scale header. NOT SCORABLE FROM CONVERSATION. 'Innovation and Creativity Components' is classified as instrument_or_scale_header; establishing it requires evidence outside the transcript (malformed_or_header_row).,True,False,False,structural_header
F0050,Achievement Motivation:,Achievement Motivation,achievement motivation,,,instrument_or_scale_header,False,low,malformed_or_header_row,NOT SCORABLE FROM CONVERSATION. 'Achievement Motivation' is classified as instrument_or_scale_header; establishing it requires evidence outside the transcript (malformed_or_header_row).,,Achievement Motivation. instrument or scale header. NOT SCORABLE FROM CONVERSATION. 'Achievement Motivation' is classified as instrument_or_scale_header; establishing it requires evidence outside the transcript (malformed_or_header_row).,True,False,False,structural_header
F0051,Feedback-giving frequency,Feedback-giving frequency,feedback giving frequency,,,quantified_activity_metric,False,low,requires_external_records,NOT SCORABLE FROM CONVERSATION. 'Feedback-giving frequency' is classified as quantified_activity_metric; establishing it requires evidence outside the transcript (requires_external_records).,,Feedback-giving frequency. quantified activity metric. NOT SCORABLE FROM CONVERSATION. 'Feedback-giving frequency' is classified as quantified_activity_metric; establishing it requires evidence outside the transcript (requires_external_records).,False,False,False,quantified_count_noun
F0052,Dance-cardio sessions,Dance-cardio sessions,dance cardio sessions,,,quantified_activity_metric,False,low,requires_external_records,NOT SCORABLE FROM CONVERSATION. 'Dance-cardio sessions' is classified as quantified_activity_metric; establishing it requires evidence outside the transcript (requires_external_records).,,Dance-cardio sessions. quantified activity metric. NOT SCORABLE FROM CONVERSATION. 'Dance-cardio sessions' is classified as quantified_activity_metric; establishing it requires evidence outside the transcript (requires_external_records).,False,False,False,quantified_count_noun
F0053,Enthusiasm,Enthusiasm,enthusiasm,,,emotional_state,True,medium,,"Rate how strongly the speaker expresses or reports the emotional state 'Enthusiasm', on a 1-5 scale.","1=no or very weak evidence | 2=weak / passing evidence | 3=moderate, explicit evidence | 4=strong, elaborated evidence | 5=very strong, repeated or richly detailed evidence","Enthusiasm. emotional state. Rate how strongly the speaker expresses or reports the emotional state 'Enthusiasm', on a 1-5 scale.",False,False,False,emotional
F0054,Psychological construct: Social Desirability tendency,Social Desirability tendency,social desirability tendency,,Psychological construct,interpersonal,True,low,,"Rate how strongly the speaker describes relating to others in terms of 'Social Desirability tendency', on a 1-5 scale.","1=no or very weak evidence | 2=weak / passing evidence | 3=moderate, explicit evidence | 4=strong, elaborated evidence | 5=very strong, repeated or richly detailed evidence","Social Desirability tendency. interpersonal. Rate how strongly the speaker describes relating to others in terms of 'Social Desirability tendency', on a 1-5 scale.",False,False,False,interpersonal
F0055,Inattentiveness,Inattentiveness,inattentiveness,,,personality_trait,True,low,,"Rate how strongly the speaker's own words display the disposition 'Inattentiveness', on a 1-5 scale.","1=no or very weak evidence | 2=weak / passing evidence | 3=moderate, explicit evidence | 4=strong, elaborated evidence | 5=very strong, repeated or richly detailed evidence","Inattentiveness. personality trait. Rate how strongly the speaker's own words display the disposition 'Inattentiveness', on a 1-5 scale.",False,False,False,fallback_bare_trait_noun
F0056,Unassertiveness,Unassertiveness,unassertiveness,,,personality_trait,True,low,,"Rate how strongly the speaker's own words display the disposition 'Unassertiveness', on a 1-5 scale.","1=no or very weak evidence | 2=weak / passing evidence | 3=moderate, explicit evidence | 4=strong, elaborated evidence | 5=very strong, repeated or richly detailed evidence","Unassertiveness. personality trait. Rate how strongly the speaker's own words display the disposition 'Unassertiveness', on a 1-5 scale.",False,False,False,fallback_bare_trait_noun
F0057,Decision-making decisiveness,Decision-making decisiveness,decision making decisiveness,,,cognitive_style,True,low,,"Rate how strongly the speaker's reasoning in this conversation exhibits 'Decision-making decisiveness', on a 1-5 scale.","1=no or very weak evidence | 2=weak / passing evidence | 3=moderate, explicit evidence | 4=strong, elaborated evidence | 5=very strong, repeated or richly detailed evidence","Decision-making decisiveness. cognitive style. Rate how strongly the speaker's reasoning in this conversation exhibits 'Decision-making decisiveness', on a 1-5 scale.",False,False,False,cognitive_style
F0058,Sense-of-coherence score,Sense-of-coherence score,sense of coherence score,,,psychometric_instrument_score,False,low,psychometric_instrument_scale,NOT SCORABLE FROM CONVERSATION. 'Sense-of-coherence score' is classified as psychometric_instrument_score; establishing it requires evidence outside the transcript (psychometric_instrument_scale).,,Sense-of-coherence score. psychometric instrument score. NOT SCORABLE FROM CONVERSATION. 'Sense-of-coherence score' is classified as psychometric_instrument_score; establishing it requires evidence outside the transcript (psychometric_instrument_scale).,False,False,False,psychometric_instrument_output
F0059,Justice-mindedness,Justice-mindedness,justice mindedness,,,motivation_value,True,low,,"Rate how strongly the speaker expresses 'Justice-mindedness' as a driver or held value, on a 1-5 scale.","1=no or very weak evidence | 2=weak / passing evidence | 3=moderate, explicit evidence | 4=strong, elaborated evidence | 5=very strong, repeated or richly detailed evidence","Justice-mindedness. motivation value. Rate how strongly the speaker expresses 'Justice-mindedness' as a driver or held value, on a 1-5 scale.",False,False,False,motivation
F0060,Subscription count,Subscription count,subscription count,,,quantified_activity_metric,False,low,requires_external_records,NOT SCORABLE FROM CONVERSATION. 'Subscription count' is classified as quantified_activity_metric; establishing it requires evidence outside the transcript (requires_external_records).,,Subscription count. quantified activity metric. NOT SCORABLE FROM CONVERSATION. 'Subscription count' is classified as quantified_activity_metric; establishing it requires evidence outside the transcript (requires_external_records).,False,False,False,quantified_count_noun
F0061,Depression Symptoms,Depression Symptoms,depression symptoms,,,clinical_mental_health,False,high,requires_clinical_assessment,NOT SCORABLE FROM CONVERSATION. 'Depression Symptoms' is classified as clinical_mental_health; establishing it requires evidence outside the transcript (requires_clinical_assessment).,,Depression Symptoms. clinical mental health. NOT SCORABLE FROM CONVERSATION. 'Depression Symptoms' is classified as clinical_mental_health; establishing it requires evidence outside the transcript (requires_clinical_assessment).,False,False,False,clinical_named_scale
F0062,Spatial perception,Spatial perception,spatial perception,,,cognitive_test_ability,False,low,requires_standardised_assessment,NOT SCORABLE FROM CONVERSATION. 'Spatial perception' is classified as cognitive_test_ability; establishing it requires evidence outside the transcript (requires_standardised_assessment).,,Spatial perception. cognitive test ability. NOT SCORABLE FROM CONVERSATION. 'Spatial perception' is classified as cognitive_test_ability; establishing it requires evidence outside the transcript (requires_standardised_assessment).,False,False,False,cognitive_test_score
F0063,Brevity,Brevity,brevity,,,communication_style,True,low,,"Rate how strongly the speaker's own manner of speaking demonstrates 'Brevity', on a 1-5 scale.","1=no or very weak evidence | 2=weak / passing evidence | 3=moderate, explicit evidence | 4=strong, elaborated evidence | 5=very strong, repeated or richly detailed evidence","Brevity. communication style. Rate how strongly the speaker's own manner of speaking demonstrates 'Brevity', on a 1-5 scale.",False,False,False,communication
F0064,Orderliness,Orderliness,orderliness,,,preference_lifestyle,True,medium,,"Rate how strongly the speaker states a preference or habit reflecting 'Orderliness', on a 1-5 scale.","1=no or very weak evidence | 2=weak / passing evidence | 3=moderate, explicit evidence | 4=strong, elaborated evidence | 5=very strong, repeated or richly detailed evidence","Orderliness. preference lifestyle. Rate how strongly the speaker states a preference or habit reflecting 'Orderliness', on a 1-5 scale.",False,False,False,preference_lifestyle
F0065,Multiculturalism,Multiculturalism,multiculturalism,,,demographic_biographical,False,high,demographic_fact_not_inferable,NOT SCORABLE FROM CONVERSATION. 'Multiculturalism' is classified as demographic_biographical; establishing it requires evidence outside the transcript (demographic_fact_not_inferable).,,Multiculturalism. demographic biographical. NOT SCORABLE FROM CONVERSATION. 'Multiculturalism' is classified as demographic_biographical; establishing it requires evidence outside the transcript (demographic_fact_not_inferable).,False,False,False,demographic_fact
F0066,Creative risk-taking tendency,Creative risk-taking tendency,creative risk taking tendency,,,cognitive_style,True,low,,"Rate how strongly the speaker's reasoning in this conversation exhibits 'Creative risk-taking tendency', on a 1-5 scale.","1=no or very weak evidence | 2=weak / passing evidence | 3=moderate, explicit evidence | 4=strong, elaborated evidence | 5=very strong, repeated or richly detailed evidence","Creative risk-taking tendency. cognitive style. Rate how strongly the speaker's reasoning in this conversation exhibits 'Creative risk-taking tendency', on a 1-5 scale.",False,False,False,cognitive_style
F0067,Inefficiency,Inefficiency,inefficiency,,,personality_trait,True,low,,"Rate how strongly the speaker's own words display the disposition 'Inefficiency', on a 1-5 scale.","1=no or very weak evidence | 2=weak / passing evidence | 3=moderate, explicit evidence | 4=strong, elaborated evidence | 5=very strong, repeated or richly detailed evidence","Inefficiency. personality trait. Rate how strongly the speaker's own words display the disposition 'Inefficiency', on a 1-5 scale.",False,False,False,fallback_bare_trait_noun
F0068,Network basics,Network basics,network basics,,,cognitive_test_ability,False,low,requires_standardised_assessment,NOT SCORABLE FROM CONVERSATION. 'Network basics' is classified as cognitive_test_ability; establishing it requires evidence outside the transcript (requires_standardised_assessment).,,Network basics. cognitive test ability. NOT SCORABLE FROM CONVERSATION. 'Network basics' is classified as cognitive_test_ability; establishing it requires evidence outside the transcript (requires_standardised_assessment).,False,False,False,cognitive_test_academic
F0069,Alphabetical filing skills,Alphabetical filing skills,alphabetical filing skills,,,cognitive_test_ability,False,low,requires_standardised_assessment,NOT SCORABLE FROM CONVERSATION. 'Alphabetical filing skills' is classified as cognitive_test_ability; establishing it requires evidence outside the transcript (requires_standardised_assessment).,,Alphabetical filing skills. cognitive test ability. NOT SCORABLE FROM CONVERSATION. 'Alphabetical filing skills' is classified as cognitive_test_ability; establishing it requires evidence outside the transcript (requires_standardised_assessment).,False,False,False,cognitive_test_score
F0070,Work Styles,Work Styles,work styles,,,instrument_or_scale_header,False,low,malformed_or_header_row,NOT SCORABLE FROM CONVERSATION. 'Work Styles' is classified as instrument_or_scale_header; establishing it requires evidence outside the transcript (malformed_or_header_row).,,Work Styles. instrument or scale header. NOT SCORABLE FROM CONVERSATION. 'Work Styles' is classified as instrument_or_scale_header; establishing it requires evidence outside the transcript (malformed_or_header_row).,True,False,False,structural_header
F0071,Character strength: Perseverance,Perseverance,perseverance,,Character strength,behavioral_tendency,True,low,,"Rate how strongly the speaker describes acting in ways characteristic of 'Perseverance', on a 1-5 scale.","1=no or very weak evidence | 2=weak / passing evidence | 3=moderate, explicit evidence | 4=strong, elaborated evidence | 5=very strong, repeated or richly detailed evidence","Perseverance. behavioral tendency. Rate how strongly the speaker describes acting in ways characteristic of 'Perseverance', on a 1-5 scale.",False,False,False,behavioral_tendency
F0072,Competition,Competition,competition,,,behavioral_tendency,True,low,,"Rate how strongly the speaker describes acting in ways characteristic of 'Competition', on a 1-5 scale.","1=no or very weak evidence | 2=weak / passing evidence | 3=moderate, explicit evidence | 4=strong, elaborated evidence | 5=very strong, repeated or richly detailed evidence","Competition. behavioral tendency. Rate how strongly the speaker describes acting in ways characteristic of 'Competition', on a 1-5 scale.",False,False,False,behavioral_tendency
F0073,Logical Sequence Identification,Logical Sequence Identification,logical sequence identification,,,cognitive_test_ability,False,low,requires_standardised_assessment,NOT SCORABLE FROM CONVERSATION. 'Logical Sequence Identification' is classified as cognitive_test_ability; establishing it requires evidence outside the transcript (requires_standardised_assessment).,,Logical Sequence Identification. cognitive test ability. NOT SCORABLE FROM CONVERSATION. 'Logical Sequence Identification' is classified as cognitive_test_ability; establishing it requires evidence outside the transcript (requires_standardised_assessment).,False,False,False,cognitive_test_score
F0074,Sustainable-transport usage,Sustainable-transport usage,sustainable transport usage,,,personality_trait,True,low,,"Rate how strongly the speaker's own words display the disposition 'Sustainable-transport usage', on a 1-5 scale.","1=no or very weak evidence | 2=weak / passing evidence | 3=moderate, explicit evidence | 4=strong, elaborated evidence | 5=very strong, repeated or richly detailed evidence","Sustainable-transport usage. personality trait. Rate how strongly the speaker's own words display the disposition 'Sustainable-transport usage', on a 1-5 scale.",False,False,False,fallback_bare_trait_noun
F0075,Hardworking,Hardworking,hardworking,,,personality_trait,True,low,,"Rate how strongly the speaker's own words display the disposition 'Hardworking', on a 1-5 scale.","1=no or very weak evidence | 2=weak / passing evidence | 3=moderate, explicit evidence | 4=strong, elaborated evidence | 5=very strong, repeated or richly detailed evidence","Hardworking. personality trait. Rate how strongly the speaker's own words display the disposition 'Hardworking', on a 1-5 scale.",False,False,False,fallback_bare_trait_noun
F0076,Emotional-intelligence measure: Impulsiveness,Impulsiveness,impulsiveness,,Emotional-intelligence measure,emotional_state,True,medium,,"Rate how strongly the speaker expresses or reports the emotional state 'Impulsiveness', on a 1-5 scale.","1=no or very weak evidence | 2=weak / passing evidence | 3=moderate, explicit evidence | 4=strong, elaborated evidence | 5=very strong, repeated or richly detailed evidence","Impulsiveness. emotional state. Rate how strongly the speaker expresses or reports the emotional state 'Impulsiveness', on a 1-5 scale.",False,False,False,emotional
F0077,Dishonesty,Dishonesty,dishonesty,,,personality_trait,True,low,,"Rate how strongly the speaker's own words display the disposition 'Dishonesty', on a 1-5 scale.","1=no or very weak evidence | 2=weak / passing evidence | 3=moderate, explicit evidence | 4=strong, elaborated evidence | 5=very strong, repeated or richly detailed evidence","Dishonesty. personality trait. Rate how strongly the speaker's own words display the disposition 'Dishonesty', on a 1-5 scale.",False,False,False,fallback_bare_trait_noun
F0078,Preferred epistemology,Preferred epistemology,preferred epistemology,,,preference_lifestyle,True,medium,,"Rate how strongly the speaker states a preference or habit reflecting 'Preferred epistemology', on a 1-5 scale.","1=no or very weak evidence | 2=weak / passing evidence | 3=moderate, explicit evidence | 4=strong, elaborated evidence | 5=very strong, repeated or richly detailed evidence","Preferred epistemology. preference lifestyle. Rate how strongly the speaker states a preference or habit reflecting 'Preferred epistemology', on a 1-5 scale.",False,False,False,preference_lifestyle
F0079,Memory for Sounds,Memory for Sounds,memory for sounds,,,cognitive_test_ability,False,low,requires_standardised_assessment,NOT SCORABLE FROM CONVERSATION. 'Memory for Sounds' is classified as cognitive_test_ability; establishing it requires evidence outside the transcript (requires_standardised_assessment).,,Memory for Sounds. cognitive test ability. NOT SCORABLE FROM CONVERSATION. 'Memory for Sounds' is classified as cognitive_test_ability; establishing it requires evidence outside the transcript (requires_standardised_assessment).,False,False,False,cognitive_test_score
F0080,Sportsmanship rating,Sportsmanship rating,sportsmanship rating,,,psychometric_instrument_score,False,low,psychometric_instrument_scale,NOT SCORABLE FROM CONVERSATION. 'Sportsmanship rating' is classified as psychometric_instrument_score; establishing it requires evidence outside the transcript (psychometric_instrument_scale).,,Sportsmanship rating. psychometric instrument score. NOT SCORABLE FROM CONVERSATION. 'Sportsmanship rating' is classified as psychometric_instrument_score; establishing it requires evidence outside the transcript (psychometric_instrument_scale).,False,False,False,psychometric_instrument_output
F0081,Immaturity,Immaturity,immaturity,,,personality_trait,True,low,,"Rate how strongly the speaker's own words display the disposition 'Immaturity', on a 1-5 scale.","1=no or very weak evidence | 2=weak / passing evidence | 3=moderate, explicit evidence | 4=strong, elaborated evidence | 5=very strong, repeated or richly detailed evidence","Immaturity. personality trait. Rate how strongly the speaker's own words display the disposition 'Immaturity', on a 1-5 scale.",False,False,False,fallback_bare_trait_noun
F0082,Health-literacy level,Health-literacy level,health literacy level,,,personality_trait,True,low,,"Rate how strongly the speaker's own words display the disposition 'Health-literacy level', on a 1-5 scale.","1=no or very weak evidence | 2=weak / passing evidence | 3=moderate, explicit evidence | 4=strong, elaborated evidence | 5=very strong, repeated or richly detailed evidence","Health-literacy level. personality trait. Rate how strongly the speaker's own words display the disposition 'Health-literacy level', on a 1-5 scale.",False,False,False,fallback_bare_trait_noun
F0083,Estimating Calculations,Estimating Calculations,estimating calculations,,,cognitive_test_ability,False,low,requires_standardised_assessment,NOT SCORABLE FROM CONVERSATION. 'Estimating Calculations' is classified as cognitive_test_ability; establishing it requires evidence outside the transcript (requires_standardised_assessment).,,Estimating Calculations. cognitive test ability. NOT SCORABLE FROM CONVERSATION. 'Estimating Calculations' is classified as cognitive_test_ability; establishing it requires evidence outside the transcript (requires_standardised_assessment).,False,False,False,cognitive_test_score
F0084,Depression: Feelings of sadness and hopelessness,Feelings of sadness and hopelessness,feelings of sadness and hopelessness,,Depression,clinical_mental_health,False,high,requires_clinical_assessment,NOT SCORABLE FROM CONVERSATION. 'Feelings of sadness and hopelessness' is classified as clinical_mental_health; establishing it requires evidence outside the transcript (requires_clinical_assessment).,,Feelings of sadness and hopelessness. clinical mental health. NOT SCORABLE FROM CONVERSATION. 'Feelings of sadness and hopelessness' is classified as clinical_mental_health; establishing it requires evidence outside the transcript (requires_clinical_assessment).,False,False,False,clinical_named_scale
F0085,Synthesis of information,Synthesis of information,synthesis of information,,,cognitive_style,True,low,,"Rate how strongly the speaker's reasoning in this conversation exhibits 'Synthesis of information', on a 1-5 scale.","1=no or very weak evidence | 2=weak / passing evidence | 3=moderate, explicit evidence | 4=strong, elaborated evidence | 5=very strong, repeated or richly detailed evidence","Synthesis of information. cognitive style. Rate how strongly the speaker's reasoning in this conversation exhibits 'Synthesis of information', on a 1-5 scale.",False,False,False,cognitive_style
F0086,Leadership Potential:,Leadership Potential,leadership potential,,,instrument_or_scale_header,False,low,malformed_or_header_row,NOT SCORABLE FROM CONVERSATION. 'Leadership Potential' is classified as instrument_or_scale_header; establishing it requires evidence outside the transcript (malformed_or_header_row).,,Leadership Potential. instrument or scale header. NOT SCORABLE FROM CONVERSATION. 'Leadership Potential' is classified as instrument_or_scale_header; establishing it requires evidence outside the transcript (malformed_or_header_row).,True,False,False,structural_header
F0087,Ethical standards,Ethical standards,ethical standards,,,motivation_value,True,low,,"Rate how strongly the speaker expresses 'Ethical standards' as a driver or held value, on a 1-5 scale.","1=no or very weak evidence | 2=weak / passing evidence | 3=moderate, explicit evidence | 4=strong, elaborated evidence | 5=very strong, repeated or richly detailed evidence","Ethical standards. motivation value. Rate how strongly the speaker expresses 'Ethical standards' as a driver or held value, on a 1-5 scale.",False,False,False,motivation
F0088,High-spiritedness,High-spiritedness,high spiritedness,,,personality_trait,True,low,,"Rate how strongly the speaker's own words display the disposition 'High-spiritedness', on a 1-5 scale.","1=no or very weak evidence | 2=weak / passing evidence | 3=moderate, explicit evidence | 4=strong, elaborated evidence | 5=very strong, repeated or richly detailed evidence","High-spiritedness. personality trait. Rate how strongly the speaker's own words display the disposition 'High-spiritedness', on a 1-5 scale.",False,False,False,fallback_bare_trait_noun
F0089,Critical reasoning,Critical reasoning,critical reasoning,,,cognitive_style,True,low,,"Rate how strongly the speaker's reasoning in this conversation exhibits 'Critical reasoning', on a 1-5 scale.","1=no or very weak evidence | 2=weak / passing evidence | 3=moderate, explicit evidence | 4=strong, elaborated evidence | 5=very strong, repeated or richly detailed evidence","Critical reasoning. cognitive style. Rate how strongly the speaker's reasoning in this conversation exhibits 'Critical reasoning', on a 1-5 scale.",False,False,False,cognitive_style
F0090,Sleep-disorder diagnosis,Sleep-disorder diagnosis,sleep disorder diagnosis,,,clinical_mental_health,False,high,requires_clinical_assessment,NOT SCORABLE FROM CONVERSATION. 'Sleep-disorder diagnosis' is classified as clinical_mental_health; establishing it requires evidence outside the transcript (requires_clinical_assessment).,,Sleep-disorder diagnosis. clinical mental health. NOT SCORABLE FROM CONVERSATION. 'Sleep-disorder diagnosis' is classified as clinical_mental_health; establishing it requires evidence outside the transcript (requires_clinical_assessment).,False,False,False,clinical_diagnosis
F0091,Listening Skills Subcomponents:,Listening Skills Subcomponents,listening skills subcomponents,,,instrument_or_scale_header,False,low,malformed_or_header_row,NOT SCORABLE FROM CONVERSATION. 'Listening Skills Subcomponents' is classified as instrument_or_scale_header; establishing it requires evidence outside the transcript (malformed_or_header_row).,,Listening Skills Subcomponents. instrument or scale header. NOT SCORABLE FROM CONVERSATION. 'Listening Skills Subcomponents' is classified as instrument_or_scale_header; establishing it requires evidence outside the transcript (malformed_or_header_row).,True,False,False,structural_header
F0092,Collaboration,Collaboration,collaboration,,,interpersonal,True,low,,"Rate how strongly the speaker describes relating to others in terms of 'Collaboration', on a 1-5 scale.","1=no or very weak evidence | 2=weak / passing evidence | 3=moderate, explicit evidence | 4=strong, elaborated evidence | 5=very strong, repeated or richly detailed evidence","Collaboration. interpersonal. Rate how strongly the speaker describes relating to others in terms of 'Collaboration', on a 1-5 scale.",False,False,False,interpersonal
F0093,Precision of Movements,Precision of Movements,precision of movements,,,cognitive_test_ability,False,low,requires_standardised_assessment,NOT SCORABLE FROM CONVERSATION. 'Precision of Movements' is classified as cognitive_test_ability; establishing it requires evidence outside the transcript (requires_standardised_assessment).,,Precision of Movements. cognitive test ability. NOT SCORABLE FROM CONVERSATION. 'Precision of Movements' is classified as cognitive_test_ability; establishing it requires evidence outside the transcript (requires_standardised_assessment).,False,False,False,cognitive_test_score
F0094,Social Boldness,Social Boldness,social boldness,,,interpersonal,True,low,,"Rate how strongly the speaker describes relating to others in terms of 'Social Boldness', on a 1-5 scale.","1=no or very weak evidence | 2=weak / passing evidence | 3=moderate, explicit evidence | 4=strong, elaborated evidence | 5=very strong, repeated or richly detailed evidence","Social Boldness. interpersonal. Rate how strongly the speaker describes relating to others in terms of 'Social Boldness', on a 1-5 scale.",False,False,False,interpersonal
F0095,Auditory memory,Auditory memory,auditory memory,,,cognitive_test_ability,False,low,requires_standardised_assessment,NOT SCORABLE FROM CONVERSATION. 'Auditory memory' is classified as cognitive_test_ability; establishing it requires evidence outside the transcript (requires_standardised_assessment).,,Auditory memory. cognitive test ability. NOT SCORABLE FROM CONVERSATION. 'Auditory memory' is classified as cognitive_test_ability; establishing it requires evidence outside the transcript (requires_standardised_assessment).,False,False,False,cognitive_test_score
F0096,Psychomotor Ability Subcomponents:,Psychomotor Ability Subcomponents,psychomotor ability subcomponents,,,instrument_or_scale_header,False,low,malformed_or_header_row,NOT SCORABLE FROM CONVERSATION. 'Psychomotor Ability Subcomponents' is classified as instrument_or_scale_header; establishing it requires evidence outside the transcript (malformed_or_header_row).,,Psychomotor Ability Subcomponents. instrument or scale header. NOT SCORABLE FROM CONVERSATION. 'Psychomotor Ability Subcomponents' is classified as instrument_or_scale_header; establishing it requires evidence outside the transcript (malformed_or_header_row).,True,False,False,structural_header
F0097,Organized lifestyle,Organized lifestyle,organized lifestyle,,,preference_lifestyle,True,medium,,"Rate how strongly the speaker states a preference or habit reflecting 'Organized lifestyle', on a 1-5 scale.","1=no or very weak evidence | 2=weak / passing evidence | 3=moderate, explicit evidence | 4=strong, elaborated evidence | 5=very strong, repeated or richly detailed evidence","Organized lifestyle. preference lifestyle. Rate how strongly the speaker states a preference or habit reflecting 'Organized lifestyle', on a 1-5 scale.",False,False,False,preference_lifestyle
F0098,Skill-endorsements count,Skill-endorsements count,skill endorsements count,,,quantified_activity_metric,False,low,requires_external_records,NOT SCORABLE FROM CONVERSATION. 'Skill-endorsements count' is classified as quantified_activity_metric; establishing it requires evidence outside the transcript (requires_external_records).,,Skill-endorsements count. quantified activity metric. NOT SCORABLE FROM CONVERSATION. 'Skill-endorsements count' is classified as quantified_activity_metric; establishing it requires evidence outside the transcript (requires_external_records).,False,False,False,quantified_count_noun
F0099,Mysteriousness,Mysteriousness,mysteriousness,,,personality_trait,True,low,,"Rate how strongly the speaker's own words display the disposition 'Mysteriousness', on a 1-5 scale.","1=no or very weak evidence | 2=weak / passing evidence | 3=moderate, explicit evidence | 4=strong, elaborated evidence | 5=very strong, repeated or richly detailed evidence","Mysteriousness. personality trait. Rate how strongly the speaker's own words display the disposition 'Mysteriousness', on a 1-5 scale.",False,False,False,fallback_bare_trait_noun
F0100,Cultural Identity,Cultural Identity,cultural identity,,,demographic_biographical,False,high,demographic_fact_not_inferable,NOT SCORABLE FROM CONVERSATION. 'Cultural Identity' is classified as demographic_biographical; establishing it requires evidence outside the transcript (demographic_fact_not_inferable).,,Cultural Identity. demographic biographical. NOT SCORABLE FROM CONVERSATION. 'Cultural Identity' is classified as demographic_biographical; establishing it requires evidence outside the transcript (demographic_fact_not_inferable).,False,False,False,demographic_fact
F0101,Intrinsic Motivation,Intrinsic Motivation,intrinsic motivation,,,motivation_value,True,low,,"Rate how strongly the speaker expresses 'Intrinsic Motivation' as a driver or held value, on a 1-5 scale.","1=no or very weak evidence | 2=weak / passing evidence | 3=moderate, explicit evidence | 4=strong, elaborated evidence | 5=very strong, repeated or richly detailed evidence","Intrinsic Motivation. motivation value. Rate how strongly the speaker expresses 'Intrinsic Motivation' as a driver or held value, on a 1-5 scale.",False,False,False,motivation
F0102,Impartial-mindedness,Impartial-mindedness,impartial mindedness,,,personality_trait,True,low,,"Rate how strongly the speaker's own words display the disposition 'Impartial-mindedness', on a 1-5 scale.","1=no or very weak evidence | 2=weak / passing evidence | 3=moderate, explicit evidence | 4=strong, elaborated evidence | 5=very strong, repeated or richly detailed evidence","Impartial-mindedness. personality trait. Rate how strongly the speaker's own words display the disposition 'Impartial-mindedness', on a 1-5 scale.",False,False,False,fallback_bare_trait_noun
F0103,Burnout Symptoms,Burnout Symptoms,burnout symptoms,,,clinical_mental_health,False,high,requires_clinical_assessment,NOT SCORABLE FROM CONVERSATION. 'Burnout Symptoms' is classified as clinical_mental_health; establishing it requires evidence outside the transcript (requires_clinical_assessment).,,Burnout Symptoms. clinical mental health. NOT SCORABLE FROM CONVERSATION. 'Burnout Symptoms' is classified as clinical_mental_health; establishing it requires evidence outside the transcript (requires_clinical_assessment).,False,False,False,clinical_named_scale
F0104,Holiness,Holiness,holiness,,,spiritual_religious_disposition,True,medium,,"Rate how strongly the speaker expresses the disposition 'Holiness', without inferring any specific tradition or affiliation, on a 1-5 scale.","1=no or very weak evidence | 2=weak / passing evidence | 3=moderate, explicit evidence | 4=strong, elaborated evidence | 5=very strong, repeated or richly detailed evidence","Holiness. spiritual religious disposition. Rate how strongly the speaker expresses the disposition 'Holiness', without inferring any specific tradition or affiliation, on a 1-5 scale.",False,False,False,spiritual_disposition
F0105,Selfcontrol,Selfcontrol,selfcontrol,,,behavioral_tendency,True,low,,"Rate how strongly the speaker describes acting in ways characteristic of 'Selfcontrol', on a 1-5 scale.","1=no or very weak evidence | 2=weak / passing evidence | 3=moderate, explicit evidence | 4=strong, elaborated evidence | 5=very strong, repeated or richly detailed evidence","Selfcontrol. behavioral tendency. Rate how strongly the speaker describes acting in ways characteristic of 'Selfcontrol', on a 1-5 scale.",False,False,False,behavioral_tendency
F0106,SelfDirectedness,SelfDirectedness,selfdirectedness,,,personality_trait,True,low,,"Rate how strongly the speaker's own words display the disposition 'SelfDirectedness', on a 1-5 scale.","1=no or very weak evidence | 2=weak / passing evidence | 3=moderate, explicit evidence | 4=strong, elaborated evidence | 5=very strong, repeated or richly detailed evidence","SelfDirectedness. personality trait. Rate how strongly the speaker's own words display the disposition 'SelfDirectedness', on a 1-5 scale.",False,False,False,fallback_bare_trait_noun
F0107,Encouraging participation,Encouraging participation,encouraging participation,,,interpersonal,True,low,,"Rate how strongly the speaker describes relating to others in terms of 'Encouraging participation', on a 1-5 scale.","1=no or very weak evidence | 2=weak / passing evidence | 3=moderate, explicit evidence | 4=strong, elaborated evidence | 5=very strong, repeated or richly detailed evidence","Encouraging participation. interpersonal. Rate how strongly the speaker describes relating to others in terms of 'Encouraging participation', on a 1-5 scale.",False,False,False,interpersonal
F0108,Impracticalness,Impracticalness,impracticalness,,,personality_trait,True,low,,"Rate how strongly the speaker's own words display the disposition 'Impracticalness', on a 1-5 scale.","1=no or very weak evidence | 2=weak / passing evidence | 3=moderate, explicit evidence | 4=strong, elaborated evidence | 5=very strong, repeated or richly detailed evidence","Impracticalness. personality trait. Rate how strongly the speaker's own words display the disposition 'Impracticalness', on a 1-5 scale.",False,False,False,fallback_bare_trait_noun
F0109,Meeting Deadlines,Meeting Deadlines,meeting deadlines,,,personality_trait,True,low,,"Rate how strongly the speaker's own words display the disposition 'Meeting Deadlines', on a 1-5 scale.","1=no or very weak evidence | 2=weak / passing evidence | 3=moderate, explicit evidence | 4=strong, elaborated evidence | 5=very strong, repeated or richly detailed evidence","Meeting Deadlines. personality trait. Rate how strongly the speaker's own words display the disposition 'Meeting Deadlines', on a 1-5 scale.",False,False,False,fallback_bare_trait_noun
F0110,Data Analysis,Data Analysis,data analysis,,,cognitive_style,True,low,,"Rate how strongly the speaker's reasoning in this conversation exhibits 'Data Analysis', on a 1-5 scale.","1=no or very weak evidence | 2=weak / passing evidence | 3=moderate, explicit evidence | 4=strong, elaborated evidence | 5=very strong, repeated or richly detailed evidence","Data Analysis. cognitive style. Rate how strongly the speaker's reasoning in this conversation exhibits 'Data Analysis', on a 1-5 scale.",False,False,False,cognitive_style
F0111,Social Interaction Skills,Social Interaction Skills,social interaction skills,,,interpersonal,True,low,,"Rate how strongly the speaker describes relating to others in terms of 'Social Interaction Skills', on a 1-5 scale.","1=no or very weak evidence | 2=weak / passing evidence | 3=moderate, explicit evidence | 4=strong, elaborated evidence | 5=very strong, repeated or richly detailed evidence","Social Interaction Skills. interpersonal. Rate how strongly the speaker describes relating to others in terms of 'Social Interaction Skills', on a 1-5 scale.",False,False,False,interpersonal
F0112,Psychoticism,Psychoticism,psychoticism,,,clinical_mental_health,False,high,requires_clinical_assessment,NOT SCORABLE FROM CONVERSATION. 'Psychoticism' is classified as clinical_mental_health; establishing it requires evidence outside the transcript (requires_clinical_assessment).,,Psychoticism. clinical mental health. NOT SCORABLE FROM CONVERSATION. 'Psychoticism' is classified as clinical_mental_health; establishing it requires evidence outside the transcript (requires_clinical_assessment).,False,False,False,clinical_named_scale
F0113,Ethical leadership rating,Ethical leadership rating,ethical leadership rating,,,psychometric_instrument_score,False,low,psychometric_instrument_scale,NOT SCORABLE FROM CONVERSATION. 'Ethical leadership rating' is classified as psychometric_instrument_score; establishing it requires evidence outside the transcript (psychometric_instrument_scale).,,Ethical leadership rating. psychometric instrument score. NOT SCORABLE FROM CONVERSATION. 'Ethical leadership rating' is classified as psychometric_instrument_score; establishing it requires evidence outside the transcript (psychometric_instrument_scale).,False,False,False,psychometric_instrument_output
F0114,Slothfulness,Slothfulness,slothfulness,,,personality_trait,True,low,,"Rate how strongly the speaker's own words display the disposition 'Slothfulness', on a 1-5 scale.","1=no or very weak evidence | 2=weak / passing evidence | 3=moderate, explicit evidence | 4=strong, elaborated evidence | 5=very strong, repeated or richly detailed evidence","Slothfulness. personality trait. Rate how strongly the speaker's own words display the disposition 'Slothfulness', on a 1-5 scale.",False,False,False,fallback_bare_trait_noun
F0115,Happiness,Happiness,happiness,,,emotional_state,True,medium,,"Rate how strongly the speaker expresses or reports the emotional state 'Happiness', on a 1-5 scale.","1=no or very weak evidence | 2=weak / passing evidence | 3=moderate, explicit evidence | 4=strong, elaborated evidence | 5=very strong, repeated or richly detailed evidence","Happiness. emotional state. Rate how strongly the speaker expresses or reports the emotional state 'Happiness', on a 1-5 scale.",False,False,False,emotional
F0116,Contentment Levels,Contentment Levels,contentment levels,,,emotional_state,True,medium,,"Rate how strongly the speaker expresses or reports the emotional state 'Contentment Levels', on a 1-5 scale.","1=no or very weak evidence | 2=weak / passing evidence | 3=moderate, explicit evidence | 4=strong, elaborated evidence | 5=very strong, repeated or richly detailed evidence","Contentment Levels. emotional state. Rate how strongly the speaker expresses or reports the emotional state 'Contentment Levels', on a 1-5 scale.",False,False,False,emotional
F0117,Neuroticism,Neuroticism,neuroticism,,,personality_trait,True,low,,"Rate how strongly the speaker's own words display the disposition 'Neuroticism', on a 1-5 scale.","1=no or very weak evidence | 2=weak / passing evidence | 3=moderate, explicit evidence | 4=strong, elaborated evidence | 5=very strong, repeated or richly detailed evidence","Neuroticism. personality trait. Rate how strongly the speaker's own words display the disposition 'Neuroticism', on a 1-5 scale.",False,False,False,fallback_bare_trait_noun
F0118,Desire for excellence,Desire for excellence,desire for excellence,,,motivation_value,True,low,,"Rate how strongly the speaker expresses 'Desire for excellence' as a driver or held value, on a 1-5 scale.","1=no or very weak evidence | 2=weak / passing evidence | 3=moderate, explicit evidence | 4=strong, elaborated evidence | 5=very strong, repeated or richly detailed evidence","Desire for excellence. motivation value. Rate how strongly the speaker expresses 'Desire for excellence' as a driver or held value, on a 1-5 scale.",False,False,False,motivation
F0119,Perceiving,Perceiving,perceiving,,,cognitive_style,True,low,,"Rate how strongly the speaker's reasoning in this conversation exhibits 'Perceiving', on a 1-5 scale.","1=no or very weak evidence | 2=weak / passing evidence | 3=moderate, explicit evidence | 4=strong, elaborated evidence | 5=very strong, repeated or richly detailed evidence","Perceiving. cognitive style. Rate how strongly the speaker's reasoning in this conversation exhibits 'Perceiving', on a 1-5 scale.",False,False,False,cognitive_style
F0120,Liberalism,Liberalism,liberalism,,,motivation_value,True,low,,"Rate how strongly the speaker expresses 'Liberalism' as a driver or held value, on a 1-5 scale.","1=no or very weak evidence | 2=weak / passing evidence | 3=moderate, explicit evidence | 4=strong, elaborated evidence | 5=very strong, repeated or richly detailed evidence","Liberalism. motivation value. Rate how strongly the speaker expresses 'Liberalism' as a driver or held value, on a 1-5 scale.",False,False,False,motivation
F0121,Inversion comfort level,Inversion comfort level,inversion comfort level,,,personality_trait,True,low,,"Rate how strongly the speaker's own words display the disposition 'Inversion comfort level', on a 1-5 scale.","1=no or very weak evidence | 2=weak / passing evidence | 3=moderate, explicit evidence | 4=strong, elaborated evidence | 5=very strong, repeated or richly detailed evidence","Inversion comfort level. personality trait. Rate how strongly the speaker's own words display the disposition 'Inversion comfort level', on a 1-5 scale.",False,False,False,fallback_bare_trait_noun
F0122,Affection,Affection,affection,,,interpersonal,True,low,,"Rate how strongly the speaker describes relating to others in terms of 'Affection', on a 1-5 scale.","1=no or very weak evidence | 2=weak / passing evidence | 3=moderate, explicit evidence | 4=strong, elaborated evidence | 5=very strong, repeated or richly detailed evidence","Affection. interpersonal. Rate how strongly the speaker describes relating to others in terms of 'Affection', on a 1-5 scale.",False,False,False,interpersonal
F0123,Numeric Filing Skills,Numeric Filing Skills,numeric filing skills,,,cognitive_test_ability,False,low,requires_standardised_assessment,NOT SCORABLE FROM CONVERSATION. 'Numeric Filing Skills' is classified as cognitive_test_ability; establishing it requires evidence outside the transcript (requires_standardised_assessment).,,Numeric Filing Skills. cognitive test ability. NOT SCORABLE FROM CONVERSATION. 'Numeric Filing Skills' is classified as cognitive_test_ability; establishing it requires evidence outside the transcript (requires_standardised_assessment).,False,False,False,cognitive_test_score
F0124,Martyrdom,Martyrdom,martyrdom,,,personality_trait,True,low,,"Rate how strongly the speaker's own words display the disposition 'Martyrdom', on a 1-5 scale.","1=no or very weak evidence | 2=weak / passing evidence | 3=moderate, explicit evidence | 4=strong, elaborated evidence | 5=very strong, repeated or richly detailed evidence","Martyrdom. personality trait. Rate how strongly the speaker's own words display the disposition 'Martyrdom', on a 1-5 scale.",False,False,False,fallback_bare_trait_noun
F0125,Parathyroid-hormone level,Parathyroid-hormone level,parathyroid hormone level,,,biometric_physiological,False,high,requires_biometric_measurement,NOT SCORABLE FROM CONVERSATION. 'Parathyroid-hormone level' is classified as biometric_physiological; establishing it requires evidence outside the transcript (requires_biometric_measurement).,,Parathyroid-hormone level. biometric physiological. NOT SCORABLE FROM CONVERSATION. 'Parathyroid-hormone level' is classified as biometric_physiological; establishing it requires evidence outside the transcript (requires_biometric_measurement).,False,False,False,biomarker_named_analyte
F0126,Seeking approval,Seeking approval,seeking approval,,,personality_trait,True,low,,"Rate how strongly the speaker's own words display the disposition 'Seeking approval', on a 1-5 scale.","1=no or very weak evidence | 2=weak / passing evidence | 3=moderate, explicit evidence | 4=strong, elaborated evidence | 5=very strong, repeated or richly detailed evidence","Seeking approval. personality trait. Rate how strongly the speaker's own words display the disposition 'Seeking approval', on a 1-5 scale.",False,False,False,fallback_bare_trait_noun
F0127,Judging (J):,Judging (J),judging j,,,instrument_or_scale_header,False,low,malformed_or_header_row,NOT SCORABLE FROM CONVERSATION. 'Judging (J)' is classified as instrument_or_scale_header; establishing it requires evidence outside the transcript (malformed_or_header_row).,,Judging (J). instrument or scale header. NOT SCORABLE FROM CONVERSATION. 'Judging (J)' is classified as instrument_or_scale_header; establishing it requires evidence outside the transcript (malformed_or_header_row).,True,False,False,structural_header
F0128,Big Five facet Openness – Artistic Interests,Big Five facet Openness - Artistic Interests,big five facet openness artistic interests,,,cognitive_style,True,low,,"Rate how strongly the speaker's reasoning in this conversation exhibits 'Big Five facet Openness - Artistic Interests', on a 1-5 scale.","1=no or very weak evidence | 2=weak / passing evidence | 3=moderate, explicit evidence | 4=strong, elaborated evidence | 5=very strong, repeated or richly detailed evidence","Big Five facet Openness - Artistic Interests. cognitive style. Rate how strongly the speaker's reasoning in this conversation exhibits 'Big Five facet Openness - Artistic Interests', on a 1-5 scale.",False,False,True,cognitive_style
F0129,Psychological construct: Operant-Learning rate,Operant-Learning rate,operant learning rate,,Psychological construct,personality_trait,True,low,,"Rate how strongly the speaker's own words display the disposition 'Operant-Learning rate', on a 1-5 scale.","1=no or very weak evidence | 2=weak / passing evidence | 3=moderate, explicit evidence | 4=strong, elaborated evidence | 5=very strong, repeated or richly detailed evidence","Operant-Learning rate. personality trait. Rate how strongly the speaker's own words display the disposition 'Operant-Learning rate', on a 1-5 scale.",False,False,False,fallback_bare_trait_noun
F0130,Psychological construct: Need for Achievement level,Need for Achievement level,need for achievement level,,Psychological construct,motivation_value,True,low,,"Rate how strongly the speaker expresses 'Need for Achievement level' as a driver or held value, on a 1-5 scale.","1=no or very weak evidence | 2=weak / passing evidence | 3=moderate, explicit evidence | 4=strong, elaborated evidence | 5=very strong, repeated or richly detailed evidence","Need for Achievement level. motivation value. Rate how strongly the speaker expresses 'Need for Achievement level' as a driver or held value, on a 1-5 scale.",False,False,False,motivation
F0131,Cantankerousness,Cantankerousness,cantankerousness,,,personality_trait,True,low,,"Rate how strongly the speaker's own words display the disposition 'Cantankerousness', on a 1-5 scale.","1=no or very weak evidence | 2=weak / passing evidence | 3=moderate, explicit evidence | 4=strong, elaborated evidence | 5=very strong, repeated or richly detailed evidence","Cantankerousness. personality trait. Rate how strongly the speaker's own words display the disposition 'Cantankerousness', on a 1-5 scale.",False,False,False,fallback_bare_trait_noun
F0132,Material properties knowledge,Material properties knowledge,material properties knowledge,,,cognitive_test_ability,False,low,requires_standardised_assessment,NOT SCORABLE FROM CONVERSATION. 'Material properties knowledge' is classified as cognitive_test_ability; establishing it requires evidence outside the transcript (requires_standardised_assessment).,,Material properties knowledge. cognitive test ability. NOT SCORABLE FROM CONVERSATION. 'Material properties knowledge' is classified as cognitive_test_ability; establishing it requires evidence outside the transcript (requires_standardised_assessment).,False,False,False,cognitive_test_academic
F0133,Hostility,Hostility,hostility,,,interpersonal,True,low,,"Rate how strongly the speaker describes relating to others in terms of 'Hostility', on a 1-5 scale.","1=no or very weak evidence | 2=weak / passing evidence | 3=moderate, explicit evidence | 4=strong, elaborated evidence | 5=very strong, repeated or richly detailed evidence","Hostility. interpersonal. Rate how strongly the speaker describes relating to others in terms of 'Hostility', on a 1-5 scale.",False,False,False,interpersonal
F0134,Independence,Independence,independence,,,personality_trait,True,low,,"Rate how strongly the speaker's own words display the disposition 'Independence', on a 1-5 scale.","1=no or very weak evidence | 2=weak / passing evidence | 3=moderate, explicit evidence | 4=strong, elaborated evidence | 5=very strong, repeated or richly detailed evidence","Independence. personality trait. Rate how strongly the speaker's own words display the disposition 'Independence', on a 1-5 scale.",False,False,False,fallback_bare_trait_noun
F0135,800. Sufi practice: Sufi retreat attendance count,Sufi retreat attendance count,sufi retreat attendance count,800,Sufi practice,quantified_activity_metric,False,low,requires_external_records,NOT SCORABLE FROM CONVERSATION. 'Sufi retreat attendance count' is classified as quantified_activity_metric; establishing it requires evidence outside the transcript (requires_external_records).,,Sufi retreat attendance count. quantified activity metric. NOT SCORABLE FROM CONVERSATION. 'Sufi retreat attendance count' is classified as quantified_activity_metric; establishing it requires evidence outside the transcript (requires_external_records).,False,True,False,quantified_count_noun
F0136,Chromatin-accessibility score,Chromatin-accessibility score,chromatin accessibility score,,,biometric_physiological,False,high,requires_biometric_measurement,NOT SCORABLE FROM CONVERSATION. 'Chromatin-accessibility score' is classified as biometric_physiological; establishing it requires evidence outside the transcript (requires_biometric_measurement).,,Chromatin-accessibility score. biometric physiological. NOT SCORABLE FROM CONVERSATION. 'Chromatin-accessibility score' is classified as biometric_physiological; establishing it requires evidence outside the transcript (requires_biometric_measurement).,False,False,False,biomarker_named_analyte
F0137,644. Spiritual virtue: Humility practice index,Humility practice index,humility practice index,644,Spiritual virtue,cognitive_test_ability,False,low,requires_standardised_assessment,NOT SCORABLE FROM CONVERSATION. 'Humility practice index' is classified as cognitive_test_ability; establishing it requires evidence outside the transcript (requires_standardised_assessment).,,Humility practice index. cognitive test ability. NOT SCORABLE FROM CONVERSATION. 'Humility practice index' is classified as cognitive_test_ability; establishing it requires evidence outside the transcript (requires_standardised_assessment).,False,True,False,cognitive_test_score
F0138,754. I Ching hexagram 36 resonance level,I Ching hexagram 36 resonance level,i ching hexagram 36 resonance level,754,,spiritual_religious_practice_metric,False,medium,requires_quantified_self_report,NOT SCORABLE FROM CONVERSATION. 'I Ching hexagram 36 resonance level' is classified as spiritual_religious_practice_metric; establishing it requires evidence outside the transcript (requires_quantified_self_report).,,I Ching hexagram 36 resonance level. spiritual religious practice metric. NOT SCORABLE FROM CONVERSATION. 'I Ching hexagram 36 resonance level' is classified as spiritual_religious_practice_metric; establishing it requires evidence outside the transcript (requires_quantified_self_report).,False,True,False,spiritual_practice_named
F0139,Well-being component: Engagement,Engagement,engagement,,Well-being component,personality_trait,True,low,,"Rate how strongly the speaker's own words display the disposition 'Engagement', on a 1-5 scale.","1=no or very weak evidence | 2=weak / passing evidence | 3=moderate, explicit evidence | 4=strong, elaborated evidence | 5=very strong, repeated or richly detailed evidence","Engagement. personality trait. Rate how strongly the speaker's own words display the disposition 'Engagement', on a 1-5 scale.",False,False,False,fallback_bare_trait_noun
F0140,Need for social interaction,Need for social interaction,need for social interaction,,,interpersonal,True,low,,"Rate how strongly the speaker describes relating to others in terms of 'Need for social interaction', on a 1-5 scale.","1=no or very weak evidence | 2=weak / passing evidence | 3=moderate, explicit evidence | 4=strong, elaborated evidence | 5=very strong, repeated or richly detailed evidence","Need for social interaction. interpersonal. Rate how strongly the speaker describes relating to others in terms of 'Need for social interaction', on a 1-5 scale.",False,False,False,interpersonal
F0141,Peer-collaboration hours,Peer-collaboration hours,peer collaboration hours,,,quantified_activity_metric,False,low,requires_external_records,NOT SCORABLE FROM CONVERSATION. 'Peer-collaboration hours' is classified as quantified_activity_metric; establishing it requires evidence outside the transcript (requires_external_records).,,Peer-collaboration hours. quantified activity metric. NOT SCORABLE FROM CONVERSATION. 'Peer-collaboration hours' is classified as quantified_activity_metric; establishing it requires evidence outside the transcript (requires_external_records).,False,False,False,quantified_count_noun
F0142,Arts and Humanities,Arts and Humanities,arts and humanities,,,preference_lifestyle,True,medium,,"Rate how strongly the speaker states a preference or habit reflecting 'Arts and Humanities', on a 1-5 scale.","1=no or very weak evidence | 2=weak / passing evidence | 3=moderate, explicit evidence | 4=strong, elaborated evidence | 5=very strong, repeated or richly detailed evidence","Arts and Humanities. preference lifestyle. Rate how strongly the speaker states a preference or habit reflecting 'Arts and Humanities', on a 1-5 scale.",False,False,False,preference_lifestyle
F0143,596. Religious practice: Quran khatam cycles per year,Quran khatam cycles per year,quran khatam cycles per year,596,Religious practice,quantified_activity_metric,False,low,requires_external_records,NOT SCORABLE FROM CONVERSATION. 'Quran khatam cycles per year' is classified as quantified_activity_metric; establishing it requires evidence outside the transcript (requires_external_records).,,Quran khatam cycles per year. quantified activity metric. NOT SCORABLE FROM CONVERSATION. 'Quran khatam cycles per year' is classified as quantified_activity_metric; establishing it requires evidence outside the transcript (requires_external_records).,False,True,False,quantified_unit_bearing
F0144,926. Bahá’í spiritual metric: Ridván festival participation,Ridván festival participation,ridvan festival participation,926,Bahá'í spiritual metric,spiritual_religious_practice_metric,False,medium,requires_quantified_self_report,NOT SCORABLE FROM CONVERSATION. 'Ridván festival participation' is classified as spiritual_religious_practice_metric; establishing it requires evidence outside the transcript (requires_quantified_self_report).,,Ridván festival participation. spiritual religious practice metric. NOT SCORABLE FROM CONVERSATION. 'Ridván festival participation' is classified as spiritual_religious_practice_metric; establishing it requires evidence outside the transcript (requires_quantified_self_report).,False,True,True,spiritual_practice_named
F0145,Compassion,Compassion,compassion,,,interpersonal,True,low,,"Rate how strongly the speaker describes relating to others in terms of 'Compassion', on a 1-5 scale.","1=no or very weak evidence | 2=weak / passing evidence | 3=moderate, explicit evidence | 4=strong, elaborated evidence | 5=very strong, repeated or richly detailed evidence","Compassion. interpersonal. Rate how strongly the speaker describes relating to others in terms of 'Compassion', on a 1-5 scale.",False,False,False,interpersonal
F0146,Information Retention,Information Retention,information retention,,,cognitive_test_ability,False,low,requires_standardised_assessment,NOT SCORABLE FROM CONVERSATION. 'Information Retention' is classified as cognitive_test_ability; establishing it requires evidence outside the transcript (requires_standardised_assessment).,,Information Retention. cognitive test ability. NOT SCORABLE FROM CONVERSATION. 'Information Retention' is classified as cognitive_test_ability; establishing it requires evidence outside the transcript (requires_standardised_assessment).,False,False,False,cognitive_test_score
F0147,Eye-contact duration,Eye-contact duration,eye contact duration,,,quantified_activity_metric,False,low,requires_external_records,NOT SCORABLE FROM CONVERSATION. 'Eye-contact duration' is classified as quantified_activity_metric; establishing it requires evidence outside the transcript (requires_external_records).,,Eye-contact duration. quantified activity metric. NOT SCORABLE FROM CONVERSATION. 'Eye-contact duration' is classified as quantified_activity_metric; establishing it requires evidence outside the transcript (requires_external_records).,False,False,False,quantified_count_noun
F0148,Self-righteousness,Self-righteousness,self righteousness,,,personality_trait,True,low,,"Rate how strongly the speaker's own words display the disposition 'Self-righteousness', on a 1-5 scale.","1=no or very weak evidence | 2=weak / passing evidence | 3=moderate, explicit evidence | 4=strong, elaborated evidence | 5=very strong, repeated or richly detailed evidence","Self-righteousness. personality trait. Rate how strongly the speaker's own words display the disposition 'Self-righteousness', on a 1-5 scale.",False,False,False,fallback_bare_trait_noun
F0149,General Mood and Attitude,General Mood and Attitude,general mood and attitude,,,emotional_state,True,medium,,"Rate how strongly the speaker expresses or reports the emotional state 'General Mood and Attitude', on a 1-5 scale.","1=no or very weak evidence | 2=weak / passing evidence | 3=moderate, explicit evidence | 4=strong, elaborated evidence | 5=very strong, repeated or richly detailed evidence","General Mood and Attitude. emotional state. Rate how strongly the speaker expresses or reports the emotional state 'General Mood and Attitude', on a 1-5 scale.",False,False,False,emotional
F0150,Serotonin transporter availability,Serotonin transporter availability,serotonin transporter availability,,,biometric_physiological,False,high,requires_biometric_measurement,NOT SCORABLE FROM CONVERSATION. 'Serotonin transporter availability' is classified as biometric_physiological; establishing it requires evidence outside the transcript (requires_biometric_measurement).,,Serotonin transporter availability. biometric physiological. NOT SCORABLE FROM CONVERSATION. 'Serotonin transporter availability' is classified as biometric_physiological; establishing it requires evidence outside the transcript (requires_biometric_measurement).,False,False,False,biomarker_named_analyte
F0151,Contribution to Group Goals,Contribution to Group Goals,contribution to group goals,,,quantified_activity_metric,False,low,requires_external_records,NOT SCORABLE FROM CONVERSATION. 'Contribution to Group Goals' is classified as quantified_activity_metric; establishing it requires evidence outside the transcript (requires_external_records).,,Contribution to Group Goals. quantified activity metric. NOT SCORABLE FROM CONVERSATION. 'Contribution to Group Goals' is classified as quantified_activity_metric; establishing it requires evidence outside the transcript (requires_external_records).,False,False,False,quantified_count_noun
F0152,Dignity,Dignity,dignity,,,motivation_value,True,low,,"Rate how strongly the speaker expresses 'Dignity' as a driver or held value, on a 1-5 scale.","1=no or very weak evidence | 2=weak / passing evidence | 3=moderate, explicit evidence | 4=strong, elaborated evidence | 5=very strong, repeated or richly detailed evidence","Dignity. motivation value. Rate how strongly the speaker expresses 'Dignity' as a driver or held value, on a 1-5 scale.",False,False,False,motivation
F0153,HEXACO Personality Inventory Facets:,HEXACO Personality Inventory Facets,hexaco personality inventory facets,,,instrument_or_scale_header,False,low,malformed_or_header_row,NOT SCORABLE FROM CONVERSATION. 'HEXACO Personality Inventory Facets' is classified as instrument_or_scale_header; establishing it requires evidence outside the transcript (malformed_or_header_row).,,HEXACO Personality Inventory Facets. instrument or scale header. NOT SCORABLE FROM CONVERSATION. 'HEXACO Personality Inventory Facets' is classified as instrument_or_scale_header; establishing it requires evidence outside the transcript (malformed_or_header_row).,True,False,False,structural_header
F0154,Evaluating Solutions,Evaluating Solutions,evaluating solutions,,,cognitive_style,True,low,,"Rate how strongly the speaker's reasoning in this conversation exhibits 'Evaluating Solutions', on a 1-5 scale.","1=no or very weak evidence | 2=weak / passing evidence | 3=moderate, explicit evidence | 4=strong, elaborated evidence | 5=very strong, repeated or richly detailed evidence","Evaluating Solutions. cognitive style. Rate how strongly the speaker's reasoning in this conversation exhibits 'Evaluating Solutions', on a 1-5 scale.",False,False,False,cognitive_style
F0155,Input,Input,input,,,personality_trait,True,low,,"Rate how strongly the speaker's own words display the disposition 'Input', on a 1-5 scale.","1=no or very weak evidence | 2=weak / passing evidence | 3=moderate, explicit evidence | 4=strong, elaborated evidence | 5=very strong, repeated or richly detailed evidence","Input. personality trait. Rate how strongly the speaker's own words display the disposition 'Input', on a 1-5 scale.",False,False,False,fallback_bare_trait_noun
F0156,Discreteness,Discreteness,discreteness,,,personality_trait,True,low,,"Rate how strongly the speaker's own words display the disposition 'Discreteness', on a 1-5 scale.","1=no or very weak evidence | 2=weak / passing evidence | 3=moderate, explicit evidence | 4=strong, elaborated evidence | 5=very strong, repeated or richly detailed evidence","Discreteness. personality trait. Rate how strongly the speaker's own words display the disposition 'Discreteness', on a 1-5 scale.",False,False,False,fallback_bare_trait_noun
F0157,607. Energy-healing practice: Reiki sessions / year,Reiki sessions / year,reiki sessions year,607,Energy-healing practice,quantified_activity_metric,False,low,requires_external_records,NOT SCORABLE FROM CONVERSATION. 'Reiki sessions / year' is classified as quantified_activity_metric; establishing it requires evidence outside the transcript (requires_external_records).,,Reiki sessions / year. quantified activity metric. NOT SCORABLE FROM CONVERSATION. 'Reiki sessions / year' is classified as quantified_activity_metric; establishing it requires evidence outside the transcript (requires_external_records).,False,True,False,quantified_unit_bearing
F0158,692. Astrology: Rising sign is Scorpio,Rising sign is Scorpio,rising sign is scorpio,692,Astrology,spiritual_religious_practice_metric,False,medium,requires_quantified_self_report,NOT SCORABLE FROM CONVERSATION. 'Rising sign is Scorpio' is classified as spiritual_religious_practice_metric; establishing it requires evidence outside the transcript (requires_quantified_self_report).,,Rising sign is Scorpio. spiritual religious practice metric. NOT SCORABLE FROM CONVERSATION. 'Rising sign is Scorpio' is classified as spiritual_religious_practice_metric; establishing it requires evidence outside the transcript (requires_quantified_self_report).,False,True,False,spiritual_practice_named
F0159,Character strength: Social Intelligence,Social Intelligence,social intelligence,,Character strength,interpersonal,True,low,,"Rate how strongly the speaker describes relating to others in terms of 'Social Intelligence', on a 1-5 scale.","1=no or very weak evidence | 2=weak / passing evidence | 3=moderate, explicit evidence | 4=strong, elaborated evidence | 5=very strong, repeated or richly detailed evidence","Social Intelligence. interpersonal. Rate how strongly the speaker describes relating to others in terms of 'Social Intelligence', on a 1-5 scale.",False,False,False,interpersonal
F0160,Bravery,Bravery,bravery,,,personality_trait,True,low,,"Rate how strongly the speaker's own words display the disposition 'Bravery', on a 1-5 scale.","1=no or very weak evidence | 2=weak / passing evidence | 3=moderate, explicit evidence | 4=strong, elaborated evidence | 5=very strong, repeated or richly detailed evidence","Bravery. personality trait. Rate how strongly the speaker's own words display the disposition 'Bravery', on a 1-5 scale.",False,False,False,fallback_bare_trait_noun
F0161,Childhood Experiences,Childhood Experiences,childhood experiences,,,demographic_biographical,False,high,demographic_fact_not_inferable,NOT SCORABLE FROM CONVERSATION. 'Childhood Experiences' is classified as demographic_biographical; establishing it requires evidence outside the transcript (demographic_fact_not_inferable).,,Childhood Experiences. demographic biographical. NOT SCORABLE FROM CONVERSATION. 'Childhood Experiences' is classified as demographic_biographical; establishing it requires evidence outside the transcript (demographic_fact_not_inferable).,False,False,False,demographic_fact
F0162,Data-sharing consent level,Data-sharing consent level,data sharing consent level,,,demographic_biographical,False,high,demographic_fact_not_inferable,NOT SCORABLE FROM CONVERSATION. 'Data-sharing consent level' is classified as demographic_biographical; establishing it requires evidence outside the transcript (demographic_fact_not_inferable).,,Data-sharing consent level. demographic biographical. NOT SCORABLE FROM CONVERSATION. 'Data-sharing consent level' is classified as demographic_biographical; establishing it requires evidence outside the transcript (demographic_fact_not_inferable).,False,False,False,demographic_fact
F0163,Vision-check frequency,Vision-check frequency,vision check frequency,,,quantified_activity_metric,False,low,requires_external_records,NOT SCORABLE FROM CONVERSATION. 'Vision-check frequency' is classified as quantified_activity_metric; establishing it requires evidence outside the transcript (requires_external_records).,,Vision-check frequency. quantified activity metric. NOT SCORABLE FROM CONVERSATION. 'Vision-check frequency' is classified as quantified_activity_metric; establishing it requires evidence outside the transcript (requires_external_records).,False,False,False,quantified_count_noun
F0164,Physical-violence exposure,Physical-violence exposure,physical violence exposure,,,clinical_mental_health,False,high,requires_clinical_assessment,NOT SCORABLE FROM CONVERSATION. 'Physical-violence exposure' is classified as clinical_mental_health; establishing it requires evidence outside the transcript (requires_clinical_assessment).,,Physical-violence exposure. clinical mental health. NOT SCORABLE FROM CONVERSATION. 'Physical-violence exposure' is classified as clinical_mental_health; establishing it requires evidence outside the transcript (requires_clinical_assessment).,False,False,False,clinical_named_scale
F0165,Macronutrient ratio: fat,fat,fat,,Macronutrient ratio,biometric_physiological,False,high,requires_biometric_measurement,NOT SCORABLE FROM CONVERSATION. 'fat' is classified as biometric_physiological; establishing it requires evidence outside the transcript (requires_biometric_measurement).,,fat. biometric physiological. NOT SCORABLE FROM CONVERSATION. 'fat' is classified as biometric_physiological; establishing it requires evidence outside the transcript (requires_biometric_measurement).,False,False,False,biomarker_named_analyte
F0166,Cooking and Culinary Arts,Cooking and Culinary Arts,cooking and culinary arts,,,preference_lifestyle,True,medium,,"Rate how strongly the speaker states a preference or habit reflecting 'Cooking and Culinary Arts', on a 1-5 scale.","1=no or very weak evidence | 2=weak / passing evidence | 3=moderate, explicit evidence | 4=strong, elaborated evidence | 5=very strong, repeated or richly detailed evidence","Cooking and Culinary Arts. preference lifestyle. Rate how strongly the speaker states a preference or habit reflecting 'Cooking and Culinary Arts', on a 1-5 scale.",False,False,False,preference_lifestyle
F0167,Language use,Language use,language use,,,communication_style,True,low,,"Rate how strongly the speaker's own manner of speaking demonstrates 'Language use', on a 1-5 scale.","1=no or very weak evidence | 2=weak / passing evidence | 3=moderate, explicit evidence | 4=strong, elaborated evidence | 5=very strong, repeated or richly detailed evidence","Language use. communication style. Rate how strongly the speaker's own manner of speaking demonstrates 'Language use', on a 1-5 scale.",False,False,False,communication
F0168,Dance-style mastery diversity,Dance-style mastery diversity,dance style mastery diversity,,,preference_lifestyle,True,medium,,"Rate how strongly the speaker states a preference or habit reflecting 'Dance-style mastery diversity', on a 1-5 scale.","1=no or very weak evidence | 2=weak / passing evidence | 3=moderate, explicit evidence | 4=strong, elaborated evidence | 5=very strong, repeated or richly detailed evidence","Dance-style mastery diversity. preference lifestyle. Rate how strongly the speaker states a preference or habit reflecting 'Dance-style mastery diversity', on a 1-5 scale.",False,False,False,preference_lifestyle
F0169,Satya Adherence,Satya Adherence,satya adherence,,,spiritual_religious_disposition,True,medium,,"Rate how strongly the speaker expresses the disposition 'Satya Adherence', without inferring any specific tradition or affiliation, on a 1-5 scale.","1=no or very weak evidence | 2=weak / passing evidence | 3=moderate, explicit evidence | 4=strong, elaborated evidence | 5=very strong, repeated or richly detailed evidence","Satya Adherence. spiritual religious disposition. Rate how strongly the speaker expresses the disposition 'Satya Adherence', without inferring any specific tradition or affiliation, on a 1-5 scale.",False,False,False,spiritual_disposition
F0170,Ethnocentrism,Ethnocentrism,ethnocentrism,,,personality_trait,True,low,,"Rate how strongly the speaker's own words display the disposition 'Ethnocentrism', on a 1-5 scale.","1=no or very weak evidence | 2=weak / passing evidence | 3=moderate, explicit evidence | 4=strong, elaborated evidence | 5=very strong, repeated or richly detailed evidence","Ethnocentrism. personality trait. Rate how strongly the speaker's own words display the disposition 'Ethnocentrism', on a 1-5 scale.",False,False,False,fallback_bare_trait_noun
F0171,Emotional Boundaries,Emotional Boundaries,emotional boundaries,,,emotional_state,True,medium,,"Rate how strongly the speaker expresses or reports the emotional state 'Emotional Boundaries', on a 1-5 scale.","1=no or very weak evidence | 2=weak / passing evidence | 3=moderate, explicit evidence | 4=strong, elaborated evidence | 5=very strong, repeated or richly detailed evidence","Emotional Boundaries. emotional state. Rate how strongly the speaker expresses or reports the emotional state 'Emotional Boundaries', on a 1-5 scale.",False,False,False,emotional
F0172,Creativity in solutions,Creativity in solutions,creativity in solutions,,,cognitive_style,True,low,,"Rate how strongly the speaker's reasoning in this conversation exhibits 'Creativity in solutions', on a 1-5 scale.","1=no or very weak evidence | 2=weak / passing evidence | 3=moderate, explicit evidence | 4=strong, elaborated evidence | 5=very strong, repeated or richly detailed evidence","Creativity in solutions. cognitive style. Rate how strongly the speaker's reasoning in this conversation exhibits 'Creativity in solutions', on a 1-5 scale.",False,False,False,cognitive_style
F0173,Psychological construct: Hope scale,Hope scale,hope scale,,Psychological construct,psychometric_instrument_score,False,low,psychometric_instrument_scale,NOT SCORABLE FROM CONVERSATION. 'Hope scale' is classified as psychometric_instrument_score; establishing it requires evidence outside the transcript (psychometric_instrument_scale).,,Hope scale. psychometric instrument score. NOT SCORABLE FROM CONVERSATION. 'Hope scale' is classified as psychometric_instrument_score; establishing it requires evidence outside the transcript (psychometric_instrument_scale).,False,False,False,psychometric_instrument_output
F0174,565. Practice frequency: Walking meditation,Walking meditation,walking meditation,565,Practice frequency,quantified_activity_metric,False,low,requires_external_records,NOT SCORABLE FROM CONVERSATION. 'Walking meditation' is classified as quantified_activity_metric; establishing it requires evidence outside the transcript (requires_external_records).,,Walking meditation. quantified activity metric. NOT SCORABLE FROM CONVERSATION. 'Walking meditation' is classified as quantified_activity_metric; establishing it requires evidence outside the transcript (requires_external_records).,False,True,False,quantified_count_noun
F0175,Depression (DEP),Depression (DEP),depression dep,,,clinical_mental_health,False,high,requires_clinical_assessment,NOT SCORABLE FROM CONVERSATION. 'Depression (DEP)' is classified as clinical_mental_health; establishing it requires evidence outside the transcript (requires_clinical_assessment).,,Depression (DEP). clinical mental health. NOT SCORABLE FROM CONVERSATION. 'Depression (DEP)' is classified as clinical_mental_health; establishing it requires evidence outside the transcript (requires_clinical_assessment).,False,False,False,clinical_named_scale
F0176,Understanding Mathematical Concepts,Understanding Mathematical Concepts,understanding mathematical concepts,,,cognitive_test_ability,False,low,requires_standardised_assessment,NOT SCORABLE FROM CONVERSATION. 'Understanding Mathematical Concepts' is classified as cognitive_test_ability; establishing it requires evidence outside the transcript (requires_standardised_assessment).,,Understanding Mathematical Concepts. cognitive test ability. NOT SCORABLE FROM CONVERSATION. 'Understanding Mathematical Concepts' is classified as cognitive_test_ability; establishing it requires evidence outside the transcript (requires_standardised_assessment).,False,False,False,cognitive_test_academic
F0177,Hypomania (Ma),Hypomania (Ma),hypomania ma,,,clinical_mental_health,False,high,requires_clinical_assessment,NOT SCORABLE FROM CONVERSATION. 'Hypomania (Ma)' is classified as clinical_mental_health; establishing it requires evidence outside the transcript (requires_clinical_assessment).,,Hypomania (Ma). clinical mental health. NOT SCORABLE FROM CONVERSATION. 'Hypomania (Ma)' is classified as clinical_mental_health; establishing it requires evidence outside the transcript (requires_clinical_assessment).,False,False,False,clinical_named_scale
F0178,Goal-Directed Behavior,Goal-Directed Behavior,goal directed behavior,,,motivation_value,True,low,,"Rate how strongly the speaker expresses 'Goal-Directed Behavior' as a driver or held value, on a 1-5 scale.","1=no or very weak evidence | 2=weak / passing evidence | 3=moderate, explicit evidence | 4=strong, elaborated evidence | 5=very strong, repeated or richly detailed evidence","Goal-Directed Behavior. motivation value. Rate how strongly the speaker expresses 'Goal-Directed Behavior' as a driver or held value, on a 1-5 scale.",False,False,False,motivation
F0179,Depth of Emotional Connections,Depth of Emotional Connections,depth of emotional connections,,,emotional_state,True,medium,,"Rate how strongly the speaker expresses or reports the emotional state 'Depth of Emotional Connections', on a 1-5 scale.","1=no or very weak evidence | 2=weak / passing evidence | 3=moderate, explicit evidence | 4=strong, elaborated evidence | 5=very strong, repeated or richly detailed evidence","Depth of Emotional Connections. emotional state. Rate how strongly the speaker expresses or reports the emotional state 'Depth of Emotional Connections', on a 1-5 scale.",False,False,False,emotional
F0180,Binding foundations index,Binding foundations index,binding foundations index,,,cognitive_test_ability,False,low,requires_standardised_assessment,NOT SCORABLE FROM CONVERSATION. 'Binding foundations index' is classified as cognitive_test_ability; establishing it requires evidence outside the transcript (requires_standardised_assessment).,,Binding foundations index. cognitive test ability. NOT SCORABLE FROM CONVERSATION. 'Binding foundations index' is classified as cognitive_test_ability; establishing it requires evidence outside the transcript (requires_standardised_assessment).,False,False,False,cognitive_test_score
F0181,Ego Dissolution Frequency,Ego Dissolution Frequency,ego dissolution frequency,,,quantified_activity_metric,False,low,requires_external_records,NOT SCORABLE FROM CONVERSATION. 'Ego Dissolution Frequency' is classified as quantified_activity_metric; establishing it requires evidence outside the transcript (requires_external_records).,,Ego Dissolution Frequency. quantified activity metric. NOT SCORABLE FROM CONVERSATION. 'Ego Dissolution Frequency' is classified as quantified_activity_metric; establishing it requires evidence outside the transcript (requires_external_records).,False,False,False,quantified_count_noun
F0182,Activator: Turning thoughts into action,Activator: Turning thoughts into action,activator turning thoughts into action,,,personality_trait,True,low,,"Rate how strongly the speaker's own words display the disposition 'Activator: Turning thoughts into action', on a 1-5 scale.","1=no or very weak evidence | 2=weak / passing evidence | 3=moderate, explicit evidence | 4=strong, elaborated evidence | 5=very strong, repeated or richly detailed evidence","Activator: Turning thoughts into action. personality trait. Rate how strongly the speaker's own words display the disposition 'Activator: Turning thoughts into action', on a 1-5 scale.",False,False,False,fallback_bare_trait_noun
F0183,967. Gnostic spiritual metric: Archon meditation frequency,Archon meditation frequency,archon meditation frequency,967,Gnostic spiritual metric,quantified_activity_metric,False,low,requires_external_records,NOT SCORABLE FROM CONVERSATION. 'Archon meditation frequency' is classified as quantified_activity_metric; establishing it requires evidence outside the transcript (requires_external_records).,,Archon meditation frequency. quantified activity metric. NOT SCORABLE FROM CONVERSATION. 'Archon meditation frequency' is classified as quantified_activity_metric; establishing it requires evidence outside the transcript (requires_external_records).,False,True,False,quantified_count_noun
F0184,Exemplariness,Exemplariness,exemplariness,,,personality_trait,True,low,,"Rate how strongly the speaker's own words display the disposition 'Exemplariness', on a 1-5 scale.","1=no or very weak evidence | 2=weak / passing evidence | 3=moderate, explicit evidence | 4=strong, elaborated evidence | 5=very strong, repeated or richly detailed evidence","Exemplariness. personality trait. Rate how strongly the speaker's own words display the disposition 'Exemplariness', on a 1-5 scale.",False,False,False,fallback_bare_trait_noun
F0185,Moral and Ethical Parameters:,Moral and Ethical Parameters,moral and ethical parameters,,,instrument_or_scale_header,False,low,malformed_or_header_row,NOT SCORABLE FROM CONVERSATION. 'Moral and Ethical Parameters' is classified as instrument_or_scale_header; establishing it requires evidence outside the transcript (malformed_or_header_row).,,Moral and Ethical Parameters. instrument or scale header. NOT SCORABLE FROM CONVERSATION. 'Moral and Ethical Parameters' is classified as instrument_or_scale_header; establishing it requires evidence outside the transcript (malformed_or_header_row).,True,False,False,structural_header
F0186,Submission:,Submission,submission,,,instrument_or_scale_header,False,low,malformed_or_header_row,NOT SCORABLE FROM CONVERSATION. 'Submission' is classified as instrument_or_scale_header; establishing it requires evidence outside the transcript (malformed_or_header_row).,,Submission. instrument or scale header. NOT SCORABLE FROM CONVERSATION. 'Submission' is classified as instrument_or_scale_header; establishing it requires evidence outside the transcript (malformed_or_header_row).,True,False,False,structural_header
F0187,Frankness,Frankness,frankness,,,communication_style,True,low,,"Rate how strongly the speaker's own manner of speaking demonstrates 'Frankness', on a 1-5 scale.","1=no or very weak evidence | 2=weak / passing evidence | 3=moderate, explicit evidence | 4=strong, elaborated evidence | 5=very strong, repeated or richly detailed evidence","Frankness. communication style. Rate how strongly the speaker's own manner of speaking demonstrates 'Frankness', on a 1-5 scale.",False,False,False,communication
F0188,Psychological construct: Psychological Safety climate,Psychological Safety climate,psychological safety climate,,Psychological construct,behavioral_tendency,True,low,,"Rate how strongly the speaker describes acting in ways characteristic of 'Psychological Safety climate', on a 1-5 scale.","1=no or very weak evidence | 2=weak / passing evidence | 3=moderate, explicit evidence | 4=strong, elaborated evidence | 5=very strong, repeated or richly detailed evidence","Psychological Safety climate. behavioral tendency. Rate how strongly the speaker describes acting in ways characteristic of 'Psychological Safety climate', on a 1-5 scale.",False,False,False,behavioral_tendency
F0189,Psychological construct: Self-Compassion total,Self-Compassion total,self compassion total,,Psychological construct,interpersonal,True,low,,"Rate how strongly the speaker describes relating to others in terms of 'Self-Compassion total', on a 1-5 scale.","1=no or very weak evidence | 2=weak / passing evidence | 3=moderate, explicit evidence | 4=strong, elaborated evidence | 5=very strong, repeated or richly detailed evidence","Self-Compassion total. interpersonal. Rate how strongly the speaker describes relating to others in terms of 'Self-Compassion total', on a 1-5 scale.",False,False,False,interpersonal
F0190,Psychological construct: Executive-Function composite,Executive-Function composite,executive function composite,,Psychological construct,personality_trait,True,low,,"Rate how strongly the speaker's own words display the disposition 'Executive-Function composite', on a 1-5 scale.","1=no or very weak evidence | 2=weak / passing evidence | 3=moderate, explicit evidence | 4=strong, elaborated evidence | 5=very strong, repeated or richly detailed evidence","Executive-Function composite. personality trait. Rate how strongly the speaker's own words display the disposition 'Executive-Function composite', on a 1-5 scale.",False,False,False,fallback_bare_trait_noun
F0191,Rebelliousness,Rebelliousness,rebelliousness,,,behavioral_tendency,True,low,,"Rate how strongly the speaker describes acting in ways characteristic of 'Rebelliousness', on a 1-5 scale.","1=no or very weak evidence | 2=weak / passing evidence | 3=moderate, explicit evidence | 4=strong, elaborated evidence | 5=very strong, repeated or richly detailed evidence","Rebelliousness. behavioral tendency. Rate how strongly the speaker describes acting in ways characteristic of 'Rebelliousness', on a 1-5 scale.",False,False,False,behavioral_tendency
F0192,Volunteer Work,Volunteer Work,volunteer work,,,personality_trait,True,low,,"Rate how strongly the speaker's own words display the disposition 'Volunteer Work', on a 1-5 scale.","1=no or very weak evidence | 2=weak / passing evidence | 3=moderate, explicit evidence | 4=strong, elaborated evidence | 5=very strong, repeated or richly detailed evidence","Volunteer Work. personality trait. Rate how strongly the speaker's own words display the disposition 'Volunteer Work', on a 1-5 scale.",False,False,False,fallback_bare_trait_noun
F0193,Intellect,Intellect,intellect,,,cognitive_style,True,low,,"Rate how strongly the speaker's reasoning in this conversation exhibits 'Intellect', on a 1-5 scale.","1=no or very weak evidence | 2=weak / passing evidence | 3=moderate, explicit evidence | 4=strong, elaborated evidence | 5=very strong, repeated or richly detailed evidence","Intellect. cognitive style. Rate how strongly the speaker's reasoning in this conversation exhibits 'Intellect', on a 1-5 scale.",False,False,False,cognitive_style
F0194,Use of Mathematical Formulas,Use of Mathematical Formulas,use of mathematical formulas,,,cognitive_test_ability,False,low,requires_standardised_assessment,NOT SCORABLE FROM CONVERSATION. 'Use of Mathematical Formulas' is classified as cognitive_test_ability; establishing it requires evidence outside the transcript (requires_standardised_assessment).,,Use of Mathematical Formulas. cognitive test ability. NOT SCORABLE FROM CONVERSATION. 'Use of Mathematical Formulas' is classified as cognitive_test_ability; establishing it requires evidence outside the transcript (requires_standardised_assessment).,False,False,False,cognitive_test_academic
F0195,Coarseness,Coarseness,coarseness,,,communication_style,True,low,,"Rate how strongly the speaker's own manner of speaking demonstrates 'Coarseness', on a 1-5 scale.","1=no or very weak evidence | 2=weak / passing evidence | 3=moderate, explicit evidence | 4=strong, elaborated evidence | 5=very strong, repeated or richly detailed evidence","Coarseness. communication style. Rate how strongly the speaker's own manner of speaking demonstrates 'Coarseness', on a 1-5 scale.",False,False,False,communication
F0196,Behavioral Tendencies and Subcomponents:,Behavioral Tendencies and Subcomponents,behavioral tendencies and subcomponents,,,instrument_or_scale_header,False,low,malformed_or_header_row,NOT SCORABLE FROM CONVERSATION. 'Behavioral Tendencies and Subcomponents' is classified as instrument_or_scale_header; establishing it requires evidence outside the transcript (malformed_or_header_row).,,Behavioral Tendencies and Subcomponents. instrument or scale header. NOT SCORABLE FROM CONVERSATION. 'Behavioral Tendencies and Subcomponents' is classified as instrument_or_scale_header; establishing it requires evidence outside the transcript (malformed_or_header_row).,True,False,False,structural_header
F0197,Sensitivity,Sensitivity,sensitivity,,,personality_trait,True,low,,"Rate how strongly the speaker's own words display the disposition 'Sensitivity', on a 1-5 scale.","1=no or very weak evidence | 2=weak / passing evidence | 3=moderate, explicit evidence | 4=strong, elaborated evidence | 5=very strong, repeated or richly detailed evidence","Sensitivity. personality trait. Rate how strongly the speaker's own words display the disposition 'Sensitivity', on a 1-5 scale.",False,False,False,fallback_bare_trait_noun
F0198,Divided Attention Ability,Divided Attention Ability,divided attention ability,,,cognitive_test_ability,False,low,requires_standardised_assessment,NOT SCORABLE FROM CONVERSATION. 'Divided Attention Ability' is classified as cognitive_test_ability; establishing it requires evidence outside the transcript (requires_standardised_assessment).,,Divided Attention Ability. cognitive test ability. NOT SCORABLE FROM CONVERSATION. 'Divided Attention Ability' is classified as cognitive_test_ability; establishing it requires evidence outside the transcript (requires_standardised_assessment).,False,False,False,cognitive_test_score
F0199,Psychological construct: Acculturative Stress score,Acculturative Stress score,acculturative stress score,,Psychological construct,psychometric_instrument_score,False,low,psychometric_instrument_scale,NOT SCORABLE FROM CONVERSATION. 'Acculturative Stress score' is classified as psychometric_instrument_score; establishing it requires evidence outside the transcript (psychometric_instrument_scale).,,Acculturative Stress score. psychometric instrument score. NOT SCORABLE FROM CONVERSATION. 'Acculturative Stress score' is classified as psychometric_instrument_score; establishing it requires evidence outside the transcript (psychometric_instrument_scale).,False,False,False,psychometric_instrument_output
F0200,Dauntlessness,Dauntlessness,dauntlessness,,,personality_trait,True,low,,"Rate how strongly the speaker's own words display the disposition 'Dauntlessness', on a 1-5 scale.","1=no or very weak evidence | 2=weak / passing evidence | 3=moderate, explicit evidence | 4=strong, elaborated evidence | 5=very strong, repeated or richly detailed evidence","Dauntlessness. personality trait. Rate how strongly the speaker's own words display the disposition 'Dauntlessness', on a 1-5 scale.",False,False,False,fallback_bare_trait_noun
F0201,Concreteness,Concreteness,concreteness,,,personality_trait,True,low,,"Rate how strongly the speaker's own words display the disposition 'Concreteness', on a 1-5 scale.","1=no or very weak evidence | 2=weak / passing evidence | 3=moderate, explicit evidence | 4=strong, elaborated evidence | 5=very strong, repeated or richly detailed evidence","Concreteness. personality trait. Rate how strongly the speaker's own words display the disposition 'Concreteness', on a 1-5 scale.",False,False,False,fallback_bare_trait_noun
F0202,Hysteria (Hy),Hysteria (Hy),hysteria hy,,,clinical_mental_health,False,high,requires_clinical_assessment,NOT SCORABLE FROM CONVERSATION. 'Hysteria (Hy)' is classified as clinical_mental_health; establishing it requires evidence outside the transcript (requires_clinical_assessment).,,Hysteria (Hy). clinical mental health. NOT SCORABLE FROM CONVERSATION. 'Hysteria (Hy)' is classified as clinical_mental_health; establishing it requires evidence outside the transcript (requires_clinical_assessment).,False,False,False,clinical_named_scale
F0203,911. Jewish spiritual metric: Sukkot lulav-shaking days,Sukkot lulav-shaking days,sukkot lulav shaking days,911,Jewish spiritual metric,quantified_activity_metric,False,low,requires_external_records,NOT SCORABLE FROM CONVERSATION. 'Sukkot lulav-shaking days' is classified as quantified_activity_metric; establishing it requires evidence outside the transcript (requires_external_records).,,Sukkot lulav-shaking days. quantified activity metric. NOT SCORABLE FROM CONVERSATION. 'Sukkot lulav-shaking days' is classified as quantified_activity_metric; establishing it requires evidence outside the transcript (requires_external_records).,False,True,False,quantified_count_noun
F0204,Sentence Structure,Sentence Structure,sentence structure,,,communication_style,True,low,,"Rate how strongly the speaker's own manner of speaking demonstrates 'Sentence Structure', on a 1-5 scale.","1=no or very weak evidence | 2=weak / passing evidence | 3=moderate, explicit evidence | 4=strong, elaborated evidence | 5=very strong, repeated or richly detailed evidence","Sentence Structure. communication style. Rate how strongly the speaker's own manner of speaking demonstrates 'Sentence Structure', on a 1-5 scale.",False,False,False,communication
F0205,Esteem Needs,Esteem Needs,esteem needs,,,motivation_value,True,low,,"Rate how strongly the speaker expresses 'Esteem Needs' as a driver or held value, on a 1-5 scale.","1=no or very weak evidence | 2=weak / passing evidence | 3=moderate, explicit evidence | 4=strong, elaborated evidence | 5=very strong, repeated or richly detailed evidence","Esteem Needs. motivation value. Rate how strongly the speaker expresses 'Esteem Needs' as a driver or held value, on a 1-5 scale.",False,False,False,motivation
F0206,Understanding mechanical concepts,Understanding mechanical concepts,understanding mechanical concepts,,,cognitive_test_ability,False,low,requires_standardised_assessment,NOT SCORABLE FROM CONVERSATION. 'Understanding mechanical concepts' is classified as cognitive_test_ability; establishing it requires evidence outside the transcript (requires_standardised_assessment).,,Understanding mechanical concepts. cognitive test ability. NOT SCORABLE FROM CONVERSATION. 'Understanding mechanical concepts' is classified as cognitive_test_ability; establishing it requires evidence outside the transcript (requires_standardised_assessment).,False,False,False,cognitive_test_academic
F0207,Auditory Memory Recall,Auditory Memory Recall,auditory memory recall,,,cognitive_test_ability,False,low,requires_standardised_assessment,NOT SCORABLE FROM CONVERSATION. 'Auditory Memory Recall' is classified as cognitive_test_ability; establishing it requires evidence outside the transcript (requires_standardised_assessment).,,Auditory Memory Recall. cognitive test ability. NOT SCORABLE FROM CONVERSATION. 'Auditory Memory Recall' is classified as cognitive_test_ability; establishing it requires evidence outside the transcript (requires_standardised_assessment).,False,False,False,cognitive_test_score
F0208,Storytelling proficiency,Storytelling proficiency,storytelling proficiency,,,communication_style,True,low,,"Rate how strongly the speaker's own manner of speaking demonstrates 'Storytelling proficiency', on a 1-5 scale.","1=no or very weak evidence | 2=weak / passing evidence | 3=moderate, explicit evidence | 4=strong, elaborated evidence | 5=very strong, repeated or richly detailed evidence","Storytelling proficiency. communication style. Rate how strongly the speaker's own manner of speaking demonstrates 'Storytelling proficiency', on a 1-5 scale.",False,False,False,communication
F0209,Music-lessons years,Music-lessons years,music lessons years,,,quantified_activity_metric,False,low,requires_external_records,NOT SCORABLE FROM CONVERSATION. 'Music-lessons years' is classified as quantified_activity_metric; establishing it requires evidence outside the transcript (requires_external_records).,,Music-lessons years. quantified activity metric. NOT SCORABLE FROM CONVERSATION. 'Music-lessons years' is classified as quantified_activity_metric; establishing it requires evidence outside the transcript (requires_external_records).,False,False,False,quantified_count_noun
F0210,Warmheartedness,Warmheartedness,warmheartedness,,,personality_trait,True,low,,"Rate how strongly the speaker's own words display the disposition 'Warmheartedness', on a 1-5 scale.","1=no or very weak evidence | 2=weak / passing evidence | 3=moderate, explicit evidence | 4=strong, elaborated evidence | 5=very strong, repeated or richly detailed evidence","Warmheartedness. personality trait. Rate how strongly the speaker's own words display the disposition 'Warmheartedness', on a 1-5 scale.",False,False,False,fallback_bare_trait_noun
F0211,Self-effacement,Self-effacement,self effacement,,,personality_trait,True,low,,"Rate how strongly the speaker's own words display the disposition 'Self-effacement', on a 1-5 scale.","1=no or very weak evidence | 2=weak / passing evidence | 3=moderate, explicit evidence | 4=strong, elaborated evidence | 5=very strong, repeated or richly detailed evidence","Self-effacement. personality trait. Rate how strongly the speaker's own words display the disposition 'Self-effacement', on a 1-5 scale.",False,False,False,fallback_bare_trait_noun
F0212,Outspokenness,Outspokenness,outspokenness,,,communication_style,True,low,,"Rate how strongly the speaker's own manner of speaking demonstrates 'Outspokenness', on a 1-5 scale.","1=no or very weak evidence | 2=weak / passing evidence | 3=moderate, explicit evidence | 4=strong, elaborated evidence | 5=very strong, repeated or richly detailed evidence","Outspokenness. communication style. Rate how strongly the speaker's own manner of speaking demonstrates 'Outspokenness', on a 1-5 scale.",False,False,False,communication
F0213,Sleep-environment temperature,Sleep-environment temperature,sleep environment temperature,,,quantified_activity_metric,False,low,requires_external_records,NOT SCORABLE FROM CONVERSATION. 'Sleep-environment temperature' is classified as quantified_activity_metric; establishing it requires evidence outside the transcript (requires_external_records).,,Sleep-environment temperature. quantified activity metric. NOT SCORABLE FROM CONVERSATION. 'Sleep-environment temperature' is classified as quantified_activity_metric; establishing it requires evidence outside the transcript (requires_external_records).,False,False,False,quantified_count_noun
F0214,Comprehension of spoken information,Comprehension of spoken information,comprehension of spoken information,,,communication_style,True,low,,"Rate how strongly the speaker's own manner of speaking demonstrates 'Comprehension of spoken information', on a 1-5 scale.","1=no or very weak evidence | 2=weak / passing evidence | 3=moderate, explicit evidence | 4=strong, elaborated evidence | 5=very strong, repeated or richly detailed evidence","Comprehension of spoken information. communication style. Rate how strongly the speaker's own manner of speaking demonstrates 'Comprehension of spoken information', on a 1-5 scale.",False,False,False,communication
F0215,Blissfulness,Blissfulness,blissfulness,,,emotional_state,True,medium,,"Rate how strongly the speaker expresses or reports the emotional state 'Blissfulness', on a 1-5 scale.","1=no or very weak evidence | 2=weak / passing evidence | 3=moderate, explicit evidence | 4=strong, elaborated evidence | 5=very strong, repeated or richly detailed evidence","Blissfulness. emotional state. Rate how strongly the speaker expresses or reports the emotional state 'Blissfulness', on a 1-5 scale.",False,False,False,emotional
F0216,Sequential Memory Recall,Sequential Memory Recall,sequential memory recall,,,cognitive_test_ability,False,low,requires_standardised_assessment,NOT SCORABLE FROM CONVERSATION. 'Sequential Memory Recall' is classified as cognitive_test_ability; establishing it requires evidence outside the transcript (requires_standardised_assessment).,,Sequential Memory Recall. cognitive test ability. NOT SCORABLE FROM CONVERSATION. 'Sequential Memory Recall' is classified as cognitive_test_ability; establishing it requires evidence outside the transcript (requires_standardised_assessment).,False,False,False,cognitive_test_score
F0217,Withdrawnness,Withdrawnness,withdrawnness,,,personality_trait,True,low,,"Rate how strongly the speaker's own words display the disposition 'Withdrawnness', on a 1-5 scale.","1=no or very weak evidence | 2=weak / passing evidence | 3=moderate, explicit evidence | 4=strong, elaborated evidence | 5=very strong, repeated or richly detailed evidence","Withdrawnness. personality trait. Rate how strongly the speaker's own words display the disposition 'Withdrawnness', on a 1-5 scale.",False,False,False,fallback_bare_trait_noun
F0218,892. Hindu spiritual metric: Yoga discipline hours / week,Yoga discipline hours / week,yoga discipline hours week,892,Hindu spiritual metric,quantified_activity_metric,False,low,requires_external_records,NOT SCORABLE FROM CONVERSATION. 'Yoga discipline hours / week' is classified as quantified_activity_metric; establishing it requires evidence outside the transcript (requires_external_records).,,Yoga discipline hours / week. quantified activity metric. NOT SCORABLE FROM CONVERSATION. 'Yoga discipline hours / week' is classified as quantified_activity_metric; establishing it requires evidence outside the transcript (requires_external_records).,False,True,False,quantified_unit_bearing
F0219,Conservatism,Conservatism,conservatism,,,motivation_value,True,low,,"Rate how strongly the speaker expresses 'Conservatism' as a driver or held value, on a 1-5 scale.","1=no or very weak evidence | 2=weak / passing evidence | 3=moderate, explicit evidence | 4=strong, elaborated evidence | 5=very strong, repeated or richly detailed evidence","Conservatism. motivation value. Rate how strongly the speaker expresses 'Conservatism' as a driver or held value, on a 1-5 scale.",False,False,False,motivation
F0220,Adaptability and Flexibility Subcomponents:,Adaptability and Flexibility Subcomponents,adaptability and flexibility subcomponents,,,instrument_or_scale_header,False,low,malformed_or_header_row,NOT SCORABLE FROM CONVERSATION. 'Adaptability and Flexibility Subcomponents' is classified as instrument_or_scale_header; establishing it requires evidence outside the transcript (malformed_or_header_row).,,Adaptability and Flexibility Subcomponents. instrument or scale header. NOT SCORABLE FROM CONVERSATION. 'Adaptability and Flexibility Subcomponents' is classified as instrument_or_scale_header; establishing it requires evidence outside the transcript (malformed_or_header_row).,True,False,False,structural_header
F0221,898. Hindu spiritual metric: Vrata vows observed / year,Vrata vows observed / year,vrata vows observed year,898,Hindu spiritual metric,quantified_activity_metric,False,low,requires_external_records,NOT SCORABLE FROM CONVERSATION. 'Vrata vows observed / year' is classified as quantified_activity_metric; establishing it requires evidence outside the transcript (requires_external_records).,,Vrata vows observed / year. quantified activity metric. NOT SCORABLE FROM CONVERSATION. 'Vrata vows observed / year' is classified as quantified_activity_metric; establishing it requires evidence outside the transcript (requires_external_records).,False,True,False,quantified_unit_bearing
F0222,Ardency,Ardency,ardency,,,personality_trait,True,low,,"Rate how strongly the speaker's own words display the disposition 'Ardency', on a 1-5 scale.","1=no or very weak evidence | 2=weak / passing evidence | 3=moderate, explicit evidence | 4=strong, elaborated evidence | 5=very strong, repeated or richly detailed evidence","Ardency. personality trait. Rate how strongly the speaker's own words display the disposition 'Ardency', on a 1-5 scale.",False,False,False,fallback_bare_trait_noun
F0223,Aesthetic Appreciation,Aesthetic Appreciation,aesthetic appreciation,,,preference_lifestyle,True,medium,,"Rate how strongly the speaker states a preference or habit reflecting 'Aesthetic Appreciation', on a 1-5 scale.","1=no or very weak evidence | 2=weak / passing evidence | 3=moderate, explicit evidence | 4=strong, elaborated evidence | 5=very strong, repeated or richly detailed evidence","Aesthetic Appreciation. preference lifestyle. Rate how strongly the speaker states a preference or habit reflecting 'Aesthetic Appreciation', on a 1-5 scale.",False,False,False,preference_lifestyle
F0224,Transactional Leadership:,Transactional Leadership,transactional leadership,,,instrument_or_scale_header,False,low,malformed_or_header_row,NOT SCORABLE FROM CONVERSATION. 'Transactional Leadership' is classified as instrument_or_scale_header; establishing it requires evidence outside the transcript (malformed_or_header_row).,,Transactional Leadership. instrument or scale header. NOT SCORABLE FROM CONVERSATION. 'Transactional Leadership' is classified as instrument_or_scale_header; establishing it requires evidence outside the transcript (malformed_or_header_row).,True,False,False,structural_header
F0225,Value orientation: Universalism,Universalism,universalism,,Value orientation,motivation_value,True,low,,"Rate how strongly the speaker expresses 'Universalism' as a driver or held value, on a 1-5 scale.","1=no or very weak evidence | 2=weak / passing evidence | 3=moderate, explicit evidence | 4=strong, elaborated evidence | 5=very strong, repeated or richly detailed evidence","Universalism. motivation value. Rate how strongly the speaker expresses 'Universalism' as a driver or held value, on a 1-5 scale.",False,False,False,motivation
F0226,Perseverance,Perseverance,perseverance,,,behavioral_tendency,True,low,,"Rate how strongly the speaker describes acting in ways characteristic of 'Perseverance', on a 1-5 scale.","1=no or very weak evidence | 2=weak / passing evidence | 3=moderate, explicit evidence | 4=strong, elaborated evidence | 5=very strong, repeated or richly detailed evidence","Perseverance. behavioral tendency. Rate how strongly the speaker describes acting in ways characteristic of 'Perseverance', on a 1-5 scale.",False,False,False,behavioral_tendency
F0227,Regularity of Self-Reflection,Regularity of Self-Reflection,regularity of self reflection,,,personality_trait,True,low,,"Rate how strongly the speaker's own words display the disposition 'Regularity of Self-Reflection', on a 1-5 scale.","1=no or very weak evidence | 2=weak / passing evidence | 3=moderate, explicit evidence | 4=strong, elaborated evidence | 5=very strong, repeated or richly detailed evidence","Regularity of Self-Reflection. personality trait. Rate how strongly the speaker's own words display the disposition 'Regularity of Self-Reflection', on a 1-5 scale.",False,False,False,fallback_bare_trait_noun
F0228,Controlling Reactions,Controlling Reactions,controlling reactions,,,behavioral_tendency,True,low,,"Rate how strongly the speaker describes acting in ways characteristic of 'Controlling Reactions', on a 1-5 scale.","1=no or very weak evidence | 2=weak / passing evidence | 3=moderate, explicit evidence | 4=strong, elaborated evidence | 5=very strong, repeated or richly detailed evidence","Controlling Reactions. behavioral tendency. Rate how strongly the speaker describes acting in ways characteristic of 'Controlling Reactions', on a 1-5 scale.",False,False,False,behavioral_tendency
F0229,Psychological construct: Cultural Intelligence – Behavioral,Cultural Intelligence - Behavioral,cultural intelligence behavioral,,Psychological construct,behavioral_tendency,True,low,,"Rate how strongly the speaker describes acting in ways characteristic of 'Cultural Intelligence - Behavioral', on a 1-5 scale.","1=no or very weak evidence | 2=weak / passing evidence | 3=moderate, explicit evidence | 4=strong, elaborated evidence | 5=very strong, repeated or richly detailed evidence","Cultural Intelligence - Behavioral. behavioral tendency. Rate how strongly the speaker describes acting in ways characteristic of 'Cultural Intelligence - Behavioral', on a 1-5 scale.",False,False,True,behavioral_tendency
F0230,Metabolic Rate (Low or High),Metabolic Rate (Low or High),metabolic rate low or high,,,biometric_physiological,False,high,requires_biometric_measurement,NOT SCORABLE FROM CONVERSATION. 'Metabolic Rate (Low or High)' is classified as biometric_physiological; establishing it requires evidence outside the transcript (requires_biometric_measurement).,,Metabolic Rate (Low or High). biometric physiological. NOT SCORABLE FROM CONVERSATION. 'Metabolic Rate (Low or High)' is classified as biometric_physiological; establishing it requires evidence outside the transcript (requires_biometric_measurement).,False,False,False,biomarker_named_analyte
F0231,Dietary Habits,Dietary Habits,dietary habits,,,preference_lifestyle,True,medium,,"Rate how strongly the speaker states a preference or habit reflecting 'Dietary Habits', on a 1-5 scale.","1=no or very weak evidence | 2=weak / passing evidence | 3=moderate, explicit evidence | 4=strong, elaborated evidence | 5=very strong, repeated or richly detailed evidence","Dietary Habits. preference lifestyle. Rate how strongly the speaker states a preference or habit reflecting 'Dietary Habits', on a 1-5 scale.",False,False,False,preference_lifestyle
F0232,Significance: Desire to make an impact,Significance: Desire to make an impact,significance desire to make an impact,,,motivation_value,True,low,,"Rate how strongly the speaker expresses 'Significance: Desire to make an impact' as a driver or held value, on a 1-5 scale.","1=no or very weak evidence | 2=weak / passing evidence | 3=moderate, explicit evidence | 4=strong, elaborated evidence | 5=very strong, repeated or richly detailed evidence","Significance: Desire to make an impact. motivation value. Rate how strongly the speaker expresses 'Significance: Desire to make an impact' as a driver or held value, on a 1-5 scale.",False,False,False,motivation
F0233,Psychological construct: Resilience-Trait score,Resilience-Trait score,resilience trait score,,Psychological construct,psychometric_instrument_score,False,low,psychometric_instrument_scale,NOT SCORABLE FROM CONVERSATION. 'Resilience-Trait score' is classified as psychometric_instrument_score; establishing it requires evidence outside the transcript (psychometric_instrument_scale).,,Resilience-Trait score. psychometric instrument score. NOT SCORABLE FROM CONVERSATION. 'Resilience-Trait score' is classified as psychometric_instrument_score; establishing it requires evidence outside the transcript (psychometric_instrument_scale).,False,False,False,psychometric_instrument_output
F0234,Boredom Susceptibility,Boredom Susceptibility,boredom susceptibility,,,emotional_state,True,medium,,"Rate how strongly the speaker expresses or reports the emotional state 'Boredom Susceptibility', on a 1-5 scale.","1=no or very weak evidence | 2=weak / passing evidence | 3=moderate, explicit evidence | 4=strong, elaborated evidence | 5=very strong, repeated or richly detailed evidence","Boredom Susceptibility. emotional state. Rate how strongly the speaker expresses or reports the emotional state 'Boredom Susceptibility', on a 1-5 scale.",False,False,False,emotional
F0235,Psychological construct: Consummatory Pleasure scale,Consummatory Pleasure scale,consummatory pleasure scale,,Psychological construct,psychometric_instrument_score,False,low,psychometric_instrument_scale,NOT SCORABLE FROM CONVERSATION. 'Consummatory Pleasure scale' is classified as psychometric_instrument_score; establishing it requires evidence outside the transcript (psychometric_instrument_scale).,,Consummatory Pleasure scale. psychometric instrument score. NOT SCORABLE FROM CONVERSATION. 'Consummatory Pleasure scale' is classified as psychometric_instrument_score; establishing it requires evidence outside the transcript (psychometric_instrument_scale).,False,False,False,psychometric_instrument_output
F0236,Leadership Styles and Behaviors:,Leadership Styles and Behaviors,leadership styles and behaviors,,,instrument_or_scale_header,False,low,malformed_or_header_row,NOT SCORABLE FROM CONVERSATION. 'Leadership Styles and Behaviors' is classified as instrument_or_scale_header; establishing it requires evidence outside the transcript (malformed_or_header_row).,,Leadership Styles and Behaviors. instrument or scale header. NOT SCORABLE FROM CONVERSATION. 'Leadership Styles and Behaviors' is classified as instrument_or_scale_header; establishing it requires evidence outside the transcript (malformed_or_header_row).,True,False,False,structural_header
F0237,723. I Ching hexagram 5 resonance level,I Ching hexagram 5 resonance level,i ching hexagram 5 resonance level,723,,spiritual_religious_practice_metric,False,medium,requires_quantified_self_report,NOT SCORABLE FROM CONVERSATION. 'I Ching hexagram 5 resonance level' is classified as spiritual_religious_practice_metric; establishing it requires evidence outside the transcript (requires_quantified_self_report).,,I Ching hexagram 5 resonance level. spiritual religious practice metric. NOT SCORABLE FROM CONVERSATION. 'I Ching hexagram 5 resonance level' is classified as spiritual_religious_practice_metric; establishing it requires evidence outside the transcript (requires_quantified_self_report).,False,True,False,spiritual_practice_named
F0238,Macronutrient ratio: carbs,carbs,carbs,,Macronutrient ratio,biometric_physiological,False,high,requires_biometric_measurement,NOT SCORABLE FROM CONVERSATION. 'carbs' is classified as biometric_physiological; establishing it requires evidence outside the transcript (requires_biometric_measurement).,,carbs. biometric physiological. NOT SCORABLE FROM CONVERSATION. 'carbs' is classified as biometric_physiological; establishing it requires evidence outside the transcript (requires_biometric_measurement).,False,False,False,biomarker_named_analyte
F0239,Passport-stamps count,Passport-stamps count,passport stamps count,,,quantified_activity_metric,False,low,requires_external_records,NOT SCORABLE FROM CONVERSATION. 'Passport-stamps count' is classified as quantified_activity_metric; establishing it requires evidence outside the transcript (requires_external_records).,,Passport-stamps count. quantified activity metric. NOT SCORABLE FROM CONVERSATION. 'Passport-stamps count' is classified as quantified_activity_metric; establishing it requires evidence outside the transcript (requires_external_records).,False,False,False,quantified_count_noun
F0240,Local-food sourcing %,Local-food sourcing %,local food sourcing,,,quantified_activity_metric,False,low,requires_external_records,NOT SCORABLE FROM CONVERSATION. 'Local-food sourcing %' is classified as quantified_activity_metric; establishing it requires evidence outside the transcript (requires_external_records).,,Local-food sourcing %. quantified activity metric. NOT SCORABLE FROM CONVERSATION. 'Local-food sourcing %' is classified as quantified_activity_metric; establishing it requires evidence outside the transcript (requires_external_records).,False,False,False,quantified_unit_bearing
F0241,Patient care orientation,Patient care orientation,patient care orientation,,,personality_trait,True,low,,"Rate how strongly the speaker's own words display the disposition 'Patient care orientation', on a 1-5 scale.","1=no or very weak evidence | 2=weak / passing evidence | 3=moderate, explicit evidence | 4=strong, elaborated evidence | 5=very strong, repeated or richly detailed evidence","Patient care orientation. personality trait. Rate how strongly the speaker's own words display the disposition 'Patient care orientation', on a 1-5 scale.",False,False,False,fallback_bare_trait_noun
F0242,Soft-skill training hours,Soft-skill training hours,soft skill training hours,,,quantified_activity_metric,False,low,requires_external_records,NOT SCORABLE FROM CONVERSATION. 'Soft-skill training hours' is classified as quantified_activity_metric; establishing it requires evidence outside the transcript (requires_external_records).,,Soft-skill training hours. quantified activity metric. NOT SCORABLE FROM CONVERSATION. 'Soft-skill training hours' is classified as quantified_activity_metric; establishing it requires evidence outside the transcript (requires_external_records).,False,False,False,quantified_count_noun
F0243,Graffiti appreciation,Graffiti appreciation,graffiti appreciation,,,preference_lifestyle,True,medium,,"Rate how strongly the speaker states a preference or habit reflecting 'Graffiti appreciation', on a 1-5 scale.","1=no or very weak evidence | 2=weak / passing evidence | 3=moderate, explicit evidence | 4=strong, elaborated evidence | 5=very strong, repeated or richly detailed evidence","Graffiti appreciation. preference lifestyle. Rate how strongly the speaker states a preference or habit reflecting 'Graffiti appreciation', on a 1-5 scale.",False,False,False,preference_lifestyle
F0244,Preference for Home-Cooked vs Restaurant Meals,Preference for Home-Cooked vs Restaurant Meals,preference for home cooked vs restaurant meals,,,preference_lifestyle,True,medium,,"Rate how strongly the speaker states a preference or habit reflecting 'Preference for Home-Cooked vs Restaurant Meals', on a 1-5 scale.","1=no or very weak evidence | 2=weak / passing evidence | 3=moderate, explicit evidence | 4=strong, elaborated evidence | 5=very strong, repeated or richly detailed evidence","Preference for Home-Cooked vs Restaurant Meals. preference lifestyle. Rate how strongly the speaker states a preference or habit reflecting 'Preference for Home-Cooked vs Restaurant Meals', on a 1-5 scale.",False,False,False,preference_lifestyle
F0245,Immune-response age,Immune-response age,immune response age,,,biometric_physiological,False,high,requires_biometric_measurement,NOT SCORABLE FROM CONVERSATION. 'Immune-response age' is classified as biometric_physiological; establishing it requires evidence outside the transcript (requires_biometric_measurement).,,Immune-response age. biometric physiological. NOT SCORABLE FROM CONVERSATION. 'Immune-response age' is classified as biometric_physiological; establishing it requires evidence outside the transcript (requires_biometric_measurement).,False,False,False,biomarker_named_analyte
F0246,Social-cognition variable: Cognitive Empathy,Cognitive Empathy,cognitive empathy,,Social-cognition variable,interpersonal,True,low,,"Rate how strongly the speaker describes relating to others in terms of 'Cognitive Empathy', on a 1-5 scale.","1=no or very weak evidence | 2=weak / passing evidence | 3=moderate, explicit evidence | 4=strong, elaborated evidence | 5=very strong, repeated or richly detailed evidence","Cognitive Empathy. interpersonal. Rate how strongly the speaker describes relating to others in terms of 'Cognitive Empathy', on a 1-5 scale.",False,False,False,interpersonal
F0247,Kink-interest diversity,Kink-interest diversity,kink interest diversity,,,personality_trait,True,low,,"Rate how strongly the speaker's own words display the disposition 'Kink-interest diversity', on a 1-5 scale.","1=no or very weak evidence | 2=weak / passing evidence | 3=moderate, explicit evidence | 4=strong, elaborated evidence | 5=very strong, repeated or richly detailed evidence","Kink-interest diversity. personality trait. Rate how strongly the speaker's own words display the disposition 'Kink-interest diversity', on a 1-5 scale.",False,False,False,fallback_bare_trait_noun
F0248,Adaptability and Flexibility:,Adaptability and Flexibility,adaptability and flexibility,,,instrument_or_scale_header,False,low,malformed_or_header_row,NOT SCORABLE FROM CONVERSATION. 'Adaptability and Flexibility' is classified as instrument_or_scale_header; establishing it requires evidence outside the transcript (malformed_or_header_row).,,Adaptability and Flexibility. instrument or scale header. NOT SCORABLE FROM CONVERSATION. 'Adaptability and Flexibility' is classified as instrument_or_scale_header; establishing it requires evidence outside the transcript (malformed_or_header_row).,True,False,False,structural_header
F0249,Judging Consequences,Judging Consequences,judging consequences,,,cognitive_style,True,low,,"Rate how strongly the speaker's reasoning in this conversation exhibits 'Judging Consequences', on a 1-5 scale.","1=no or very weak evidence | 2=weak / passing evidence | 3=moderate, explicit evidence | 4=strong, elaborated evidence | 5=very strong, repeated or richly detailed evidence","Judging Consequences. cognitive style. Rate how strongly the speaker's reasoning in this conversation exhibits 'Judging Consequences', on a 1-5 scale.",False,False,False,cognitive_style
F0250,Harmfulness,Harmfulness,harmfulness,,,personality_trait,True,low,,"Rate how strongly the speaker's own words display the disposition 'Harmfulness', on a 1-5 scale.","1=no or very weak evidence | 2=weak / passing evidence | 3=moderate, explicit evidence | 4=strong, elaborated evidence | 5=very strong, repeated or richly detailed evidence","Harmfulness. personality trait. Rate how strongly the speaker's own words display the disposition 'Harmfulness', on a 1-5 scale.",False,False,False,fallback_bare_trait_noun
F0251,Affinity,Affinity,affinity,,,personality_trait,True,low,,"Rate how strongly the speaker's own words display the disposition 'Affinity', on a 1-5 scale.","1=no or very weak evidence | 2=weak / passing evidence | 3=moderate, explicit evidence | 4=strong, elaborated evidence | 5=very strong, repeated or richly detailed evidence","Affinity. personality trait. Rate how strongly the speaker's own words display the disposition 'Affinity', on a 1-5 scale.",False,False,False,fallback_bare_trait_noun
F0252,Abasement,Abasement,abasement,,,personality_trait,True,low,,"Rate how strongly the speaker's own words display the disposition 'Abasement', on a 1-5 scale.","1=no or very weak evidence | 2=weak / passing evidence | 3=moderate, explicit evidence | 4=strong, elaborated evidence | 5=very strong, repeated or richly detailed evidence","Abasement. personality trait. Rate how strongly the speaker's own words display the disposition 'Abasement', on a 1-5 scale.",False,False,False,fallback_bare_trait_noun
F0253,Chronic pain presence,Chronic pain presence,chronic pain presence,,,clinical_mental_health,False,high,requires_clinical_assessment,NOT SCORABLE FROM CONVERSATION. 'Chronic pain presence' is classified as clinical_mental_health; establishing it requires evidence outside the transcript (requires_clinical_assessment).,,Chronic pain presence. clinical mental health. NOT SCORABLE FROM CONVERSATION. 'Chronic pain presence' is classified as clinical_mental_health; establishing it requires evidence outside the transcript (requires_clinical_assessment).,False,False,False,clinical_named_scale
F0254,520. Discernment practice hours / week,Discernment practice hours / week,discernment practice hours week,520,,quantified_activity_metric,False,low,requires_external_records,NOT SCORABLE FROM CONVERSATION. 'Discernment practice hours / week' is classified as quantified_activity_metric; establishing it requires evidence outside the transcript (requires_external_records).,,Discernment practice hours / week. quantified activity metric. NOT SCORABLE FROM CONVERSATION. 'Discernment practice hours / week' is classified as quantified_activity_metric; establishing it requires evidence outside the transcript (requires_external_records).,False,True,False,quantified_unit_bearing
F0255,Initiative,Initiative,initiative,,,behavioral_tendency,True,low,,"Rate how strongly the speaker describes acting in ways characteristic of 'Initiative', on a 1-5 scale.","1=no or very weak evidence | 2=weak / passing evidence | 3=moderate, explicit evidence | 4=strong, elaborated evidence | 5=very strong, repeated or richly detailed evidence","Initiative. behavioral tendency. Rate how strongly the speaker describes acting in ways characteristic of 'Initiative', on a 1-5 scale.",False,False,False,behavioral_tendency
F0256,Courageousness,Courageousness,courageousness,,,personality_trait,True,low,,"Rate how strongly the speaker's own words display the disposition 'Courageousness', on a 1-5 scale.","1=no or very weak evidence | 2=weak / passing evidence | 3=moderate, explicit evidence | 4=strong, elaborated evidence | 5=very strong, repeated or richly detailed evidence","Courageousness. personality trait. Rate how strongly the speaker's own words display the disposition 'Courageousness', on a 1-5 scale.",False,False,False,fallback_bare_trait_noun
F0257,Joyfulness,Joyfulness,joyfulness,,,emotional_state,True,medium,,"Rate how strongly the speaker expresses or reports the emotional state 'Joyfulness', on a 1-5 scale.","1=no or very weak evidence | 2=weak / passing evidence | 3=moderate, explicit evidence | 4=strong, elaborated evidence | 5=very strong, repeated or richly detailed evidence","Joyfulness. emotional state. Rate how strongly the speaker expresses or reports the emotional state 'Joyfulness', on a 1-5 scale.",False,False,False,emotional
F0258,Suspicion,Suspicion,suspicion,,,personality_trait,True,low,,"Rate how strongly the speaker's own words display the disposition 'Suspicion', on a 1-5 scale.","1=no or very weak evidence | 2=weak / passing evidence | 3=moderate, explicit evidence | 4=strong, elaborated evidence | 5=very strong, repeated or richly detailed evidence","Suspicion. personality trait. Rate how strongly the speaker's own words display the disposition 'Suspicion', on a 1-5 scale.",False,False,False,fallback_bare_trait_noun
F0259,Basophil count,Basophil count,basophil count,,,biometric_physiological,False,high,requires_biometric_measurement,NOT SCORABLE FROM CONVERSATION. 'Basophil count' is classified as biometric_physiological; establishing it requires evidence outside the transcript (requires_biometric_measurement).,,Basophil count. biometric physiological. NOT SCORABLE FROM CONVERSATION. 'Basophil count' is classified as biometric_physiological; establishing it requires evidence outside the transcript (requires_biometric_measurement).,False,False,False,biomarker_named_analyte
F0260,Attachment avoidance score,Attachment avoidance score,attachment avoidance score,,,psychometric_instrument_score,False,low,psychometric_instrument_scale,NOT SCORABLE FROM CONVERSATION. 'Attachment avoidance score' is classified as psychometric_instrument_score; establishing it requires evidence outside the transcript (psychometric_instrument_scale).,,Attachment avoidance score. psychometric instrument score. NOT SCORABLE FROM CONVERSATION. 'Attachment avoidance score' is classified as psychometric_instrument_score; establishing it requires evidence outside the transcript (psychometric_instrument_scale).,False,False,False,psychometric_instrument_output
F0261,Time Orientation End Points:,Time Orientation End Points,time orientation end points,,,instrument_or_scale_header,False,low,malformed_or_header_row,NOT SCORABLE FROM CONVERSATION. 'Time Orientation End Points' is classified as instrument_or_scale_header; establishing it requires evidence outside the transcript (malformed_or_header_row).,,Time Orientation End Points. instrument or scale header. NOT SCORABLE FROM CONVERSATION. 'Time Orientation End Points' is classified as instrument_or_scale_header; establishing it requires evidence outside the transcript (malformed_or_header_row).,True,False,False,structural_header
F0262,Brazenness,Brazenness,brazenness,,,personality_trait,True,low,,"Rate how strongly the speaker's own words display the disposition 'Brazenness', on a 1-5 scale.","1=no or very weak evidence | 2=weak / passing evidence | 3=moderate, explicit evidence | 4=strong, elaborated evidence | 5=very strong, repeated or richly detailed evidence","Brazenness. personality trait. Rate how strongly the speaker's own words display the disposition 'Brazenness', on a 1-5 scale.",False,False,False,fallback_bare_trait_noun
F0263,Talkativeness,Talkativeness,talkativeness,,,communication_style,True,low,,"Rate how strongly the speaker's own manner of speaking demonstrates 'Talkativeness', on a 1-5 scale.","1=no or very weak evidence | 2=weak / passing evidence | 3=moderate, explicit evidence | 4=strong, elaborated evidence | 5=very strong, repeated or richly detailed evidence","Talkativeness. communication style. Rate how strongly the speaker's own manner of speaking demonstrates 'Talkativeness', on a 1-5 scale.",False,False,False,communication
F0264,Equitableness,Equitableness,equitableness,,,personality_trait,True,low,,"Rate how strongly the speaker's own words display the disposition 'Equitableness', on a 1-5 scale.","1=no or very weak evidence | 2=weak / passing evidence | 3=moderate, explicit evidence | 4=strong, elaborated evidence | 5=very strong, repeated or richly detailed evidence","Equitableness. personality trait. Rate how strongly the speaker's own words display the disposition 'Equitableness', on a 1-5 scale.",False,False,False,fallback_bare_trait_noun
F0265,Ideas generated/day,Ideas generated/day,ideas generated day,,,quantified_activity_metric,False,low,requires_external_records,NOT SCORABLE FROM CONVERSATION. 'Ideas generated/day' is classified as quantified_activity_metric; establishing it requires evidence outside the transcript (requires_external_records).,,Ideas generated/day. quantified activity metric. NOT SCORABLE FROM CONVERSATION. 'Ideas generated/day' is classified as quantified_activity_metric; establishing it requires evidence outside the transcript (requires_external_records).,False,False,False,quantified_unit_bearing
F0266,Originality,Originality,originality,,,cognitive_style,True,low,,"Rate how strongly the speaker's reasoning in this conversation exhibits 'Originality', on a 1-5 scale.","1=no or very weak evidence | 2=weak / passing evidence | 3=moderate, explicit evidence | 4=strong, elaborated evidence | 5=very strong, repeated or richly detailed evidence","Originality. cognitive style. Rate how strongly the speaker's reasoning in this conversation exhibits 'Originality', on a 1-5 scale.",False,False,False,cognitive_style
F0267,Fearfulness: Fear of physical dangers,Fearfulness: Fear of physical dangers,fearfulness fear of physical dangers,,,emotional_state,True,medium,,"Rate how strongly the speaker expresses or reports the emotional state 'Fearfulness: Fear of physical dangers', on a 1-5 scale.","1=no or very weak evidence | 2=weak / passing evidence | 3=moderate, explicit evidence | 4=strong, elaborated evidence | 5=very strong, repeated or richly detailed evidence","Fearfulness: Fear of physical dangers. emotional state. Rate how strongly the speaker expresses or reports the emotional state 'Fearfulness: Fear of physical dangers', on a 1-5 scale.",False,False,False,emotional
F0268,Dance rehearsal hours/week,Dance rehearsal hours/week,dance rehearsal hours week,,,quantified_activity_metric,False,low,requires_external_records,NOT SCORABLE FROM CONVERSATION. 'Dance rehearsal hours/week' is classified as quantified_activity_metric; establishing it requires evidence outside the transcript (requires_external_records).,,Dance rehearsal hours/week. quantified activity metric. NOT SCORABLE FROM CONVERSATION. 'Dance rehearsal hours/week' is classified as quantified_activity_metric; establishing it requires evidence outside the transcript (requires_external_records).,False,False,False,quantified_unit_bearing
F0269,561. Practice frequency: Mantra meditation,Mantra meditation,mantra meditation,561,Practice frequency,quantified_activity_metric,False,low,requires_external_records,NOT SCORABLE FROM CONVERSATION. 'Mantra meditation' is classified as quantified_activity_metric; establishing it requires evidence outside the transcript (requires_external_records).,,Mantra meditation. quantified activity metric. NOT SCORABLE FROM CONVERSATION. 'Mantra meditation' is classified as quantified_activity_metric; establishing it requires evidence outside the transcript (requires_external_records).,False,True,False,quantified_count_noun
F0270,Public-transport km/week,Public-transport km/week,public transport km week,,,quantified_activity_metric,False,low,requires_external_records,NOT SCORABLE FROM CONVERSATION. 'Public-transport km/week' is classified as quantified_activity_metric; establishing it requires evidence outside the transcript (requires_external_records).,,Public-transport km/week. quantified activity metric. NOT SCORABLE FROM CONVERSATION. 'Public-transport km/week' is classified as quantified_activity_metric; establishing it requires evidence outside the transcript (requires_external_records).,False,False,False,quantified_unit_bearing
F0271,Social Desirability Bias,Social Desirability Bias,social desirability bias,,,interpersonal,True,low,,"Rate how strongly the speaker describes relating to others in terms of 'Social Desirability Bias', on a 1-5 scale.","1=no or very weak evidence | 2=weak / passing evidence | 3=moderate, explicit evidence | 4=strong, elaborated evidence | 5=very strong, repeated or richly detailed evidence","Social Desirability Bias. interpersonal. Rate how strongly the speaker describes relating to others in terms of 'Social Desirability Bias', on a 1-5 scale.",False,False,False,interpersonal
F0272,761. I Ching hexagram 43 resonance level,I Ching hexagram 43 resonance level,i ching hexagram 43 resonance level,761,,spiritual_religious_practice_metric,False,medium,requires_quantified_self_report,NOT SCORABLE FROM CONVERSATION. 'I Ching hexagram 43 resonance level' is classified as spiritual_religious_practice_metric; establishing it requires evidence outside the transcript (requires_quantified_self_report).,,I Ching hexagram 43 resonance level. spiritual religious practice metric. NOT SCORABLE FROM CONVERSATION. 'I Ching hexagram 43 resonance level' is classified as spiritual_religious_practice_metric; establishing it requires evidence outside the transcript (requires_quantified_self_report).,False,True,False,spiritual_practice_named
F0273,Disagreeableness,Disagreeableness,disagreeableness,,,personality_trait,True,low,,"Rate how strongly the speaker's own words display the disposition 'Disagreeableness', on a 1-5 scale.","1=no or very weak evidence | 2=weak / passing evidence | 3=moderate, explicit evidence | 4=strong, elaborated evidence | 5=very strong, repeated or richly detailed evidence","Disagreeableness. personality trait. Rate how strongly the speaker's own words display the disposition 'Disagreeableness', on a 1-5 scale.",False,False,False,fallback_bare_trait_noun
F0274,Participation in Community Activities,Participation in Community Activities,participation in community activities,,,interpersonal,True,low,,"Rate how strongly the speaker describes relating to others in terms of 'Participation in Community Activities', on a 1-5 scale.","1=no or very weak evidence | 2=weak / passing evidence | 3=moderate, explicit evidence | 4=strong, elaborated evidence | 5=very strong, repeated or richly detailed evidence","Participation in Community Activities. interpersonal. Rate how strongly the speaker describes relating to others in terms of 'Participation in Community Activities', on a 1-5 scale.",False,False,False,interpersonal
F0275,Impudence,Impudence,impudence,,,personality_trait,True,low,,"Rate how strongly the speaker's own words display the disposition 'Impudence', on a 1-5 scale.","1=no or very weak evidence | 2=weak / passing evidence | 3=moderate, explicit evidence | 4=strong, elaborated evidence | 5=very strong, repeated or richly detailed evidence","Impudence. personality trait. Rate how strongly the speaker's own words display the disposition 'Impudence', on a 1-5 scale.",False,False,False,fallback_bare_trait_noun
F0276,Analogies,Analogies,analogies,,,cognitive_test_ability,False,low,requires_standardised_assessment,NOT SCORABLE FROM CONVERSATION. 'Analogies' is classified as cognitive_test_ability; establishing it requires evidence outside the transcript (requires_standardised_assessment).,,Analogies. cognitive test ability. NOT SCORABLE FROM CONVERSATION. 'Analogies' is classified as cognitive_test_ability; establishing it requires evidence outside the transcript (requires_standardised_assessment).,False,False,False,cognitive_test_score
F0277,Clumsiness,Clumsiness,clumsiness,,,personality_trait,True,low,,"Rate how strongly the speaker's own words display the disposition 'Clumsiness', on a 1-5 scale.","1=no or very weak evidence | 2=weak / passing evidence | 3=moderate, explicit evidence | 4=strong, elaborated evidence | 5=very strong, repeated or richly detailed evidence","Clumsiness. personality trait. Rate how strongly the speaker's own words display the disposition 'Clumsiness', on a 1-5 scale.",False,False,False,fallback_bare_trait_noun
F0278,Tendency Toward Compromise or Confrontation,Tendency Toward Compromise or Confrontation,tendency toward compromise or confrontation,,,behavioral_tendency,True,low,,"Rate how strongly the speaker describes acting in ways characteristic of 'Tendency Toward Compromise or Confrontation', on a 1-5 scale.","1=no or very weak evidence | 2=weak / passing evidence | 3=moderate, explicit evidence | 4=strong, elaborated evidence | 5=very strong, repeated or richly detailed evidence","Tendency Toward Compromise or Confrontation. behavioral tendency. Rate how strongly the speaker describes acting in ways characteristic of 'Tendency Toward Compromise or Confrontation', on a 1-5 scale.",False,False,False,behavioral_tendency
F0279,737. I Ching hexagram 19 resonance level,I Ching hexagram 19 resonance level,i ching hexagram 19 resonance level,737,,spiritual_religious_practice_metric,False,medium,requires_quantified_self_report,NOT SCORABLE FROM CONVERSATION. 'I Ching hexagram 19 resonance level' is classified as spiritual_religious_practice_metric; establishing it requires evidence outside the transcript (requires_quantified_self_report).,,I Ching hexagram 19 resonance level. spiritual religious practice metric. NOT SCORABLE FROM CONVERSATION. 'I Ching hexagram 19 resonance level' is classified as spiritual_religious_practice_metric; establishing it requires evidence outside the transcript (requires_quantified_self_report).,False,True,False,spiritual_practice_named
F0280,Robotics-interaction frequency,Robotics-interaction frequency,robotics interaction frequency,,,quantified_activity_metric,False,low,requires_external_records,NOT SCORABLE FROM CONVERSATION. 'Robotics-interaction frequency' is classified as quantified_activity_metric; establishing it requires evidence outside the transcript (requires_external_records).,,Robotics-interaction frequency. quantified activity metric. NOT SCORABLE FROM CONVERSATION. 'Robotics-interaction frequency' is classified as quantified_activity_metric; establishing it requires evidence outside the transcript (requires_external_records).,False,False,False,quantified_count_noun
F0281,Casual lifestyle,Casual lifestyle,casual lifestyle,,,preference_lifestyle,True,medium,,"Rate how strongly the speaker states a preference or habit reflecting 'Casual lifestyle', on a 1-5 scale.","1=no or very weak evidence | 2=weak / passing evidence | 3=moderate, explicit evidence | 4=strong, elaborated evidence | 5=very strong, repeated or richly detailed evidence","Casual lifestyle. preference lifestyle. Rate how strongly the speaker states a preference or habit reflecting 'Casual lifestyle', on a 1-5 scale.",False,False,False,preference_lifestyle
F0282,Collectedness,Collectedness,collectedness,,,personality_trait,True,low,,"Rate how strongly the speaker's own words display the disposition 'Collectedness', on a 1-5 scale.","1=no or very weak evidence | 2=weak / passing evidence | 3=moderate, explicit evidence | 4=strong, elaborated evidence | 5=very strong, repeated or richly detailed evidence","Collectedness. personality trait. Rate how strongly the speaker's own words display the disposition 'Collectedness', on a 1-5 scale.",False,False,False,fallback_bare_trait_noun
F0283,Reliance on context,Reliance on context,reliance on context,,,personality_trait,True,low,,"Rate how strongly the speaker's own words display the disposition 'Reliance on context', on a 1-5 scale.","1=no or very weak evidence | 2=weak / passing evidence | 3=moderate, explicit evidence | 4=strong, elaborated evidence | 5=very strong, repeated or richly detailed evidence","Reliance on context. personality trait. Rate how strongly the speaker's own words display the disposition 'Reliance on context', on a 1-5 scale.",False,False,False,fallback_bare_trait_noun
F0284,Delegation skills,Delegation skills,delegation skills,,,interpersonal,True,low,,"Rate how strongly the speaker describes relating to others in terms of 'Delegation skills', on a 1-5 scale.","1=no or very weak evidence | 2=weak / passing evidence | 3=moderate, explicit evidence | 4=strong, elaborated evidence | 5=very strong, repeated or richly detailed evidence","Delegation skills. interpersonal. Rate how strongly the speaker describes relating to others in terms of 'Delegation skills', on a 1-5 scale.",False,False,False,interpersonal
F0285,767. I Ching hexagram 49 resonance level,I Ching hexagram 49 resonance level,i ching hexagram 49 resonance level,767,,spiritual_religious_practice_metric,False,medium,requires_quantified_self_report,NOT SCORABLE FROM CONVERSATION. 'I Ching hexagram 49 resonance level' is classified as spiritual_religious_practice_metric; establishing it requires evidence outside the transcript (requires_quantified_self_report).,,I Ching hexagram 49 resonance level. spiritual religious practice metric. NOT SCORABLE FROM CONVERSATION. 'I Ching hexagram 49 resonance level' is classified as spiritual_religious_practice_metric; establishing it requires evidence outside the transcript (requires_quantified_self_report).,False,True,False,spiritual_practice_named
F0286,Managing emotions,Managing emotions,managing emotions,,,emotional_state,True,medium,,"Rate how strongly the speaker expresses or reports the emotional state 'Managing emotions', on a 1-5 scale.","1=no or very weak evidence | 2=weak / passing evidence | 3=moderate, explicit evidence | 4=strong, elaborated evidence | 5=very strong, repeated or richly detailed evidence","Managing emotions. emotional state. Rate how strongly the speaker expresses or reports the emotional state 'Managing emotions', on a 1-5 scale.",False,False,False,emotional
F0287,Scripture memorization verses,Scripture memorization verses,scripture memorization verses,,,quantified_activity_metric,False,low,requires_external_records,NOT SCORABLE FROM CONVERSATION. 'Scripture memorization verses' is classified as quantified_activity_metric; establishing it requires evidence outside the transcript (requires_external_records).,,Scripture memorization verses. quantified activity metric. NOT SCORABLE FROM CONVERSATION. 'Scripture memorization verses' is classified as quantified_activity_metric; establishing it requires evidence outside the transcript (requires_external_records).,False,False,False,quantified_count_noun
F0288,Conventional,Conventional,conventional,,,personality_trait,True,low,,"Rate how strongly the speaker's own words display the disposition 'Conventional', on a 1-5 scale.","1=no or very weak evidence | 2=weak / passing evidence | 3=moderate, explicit evidence | 4=strong, elaborated evidence | 5=very strong, repeated or richly detailed evidence","Conventional. personality trait. Rate how strongly the speaker's own words display the disposition 'Conventional', on a 1-5 scale.",False,False,False,fallback_bare_trait_noun
F0289,890. Hindu spiritual metric: Bhagavad-Gita study hours,Bhagavad-Gita study hours,bhagavad gita study hours,890,Hindu spiritual metric,quantified_activity_metric,False,low,requires_external_records,NOT SCORABLE FROM CONVERSATION. 'Bhagavad-Gita study hours' is classified as quantified_activity_metric; establishing it requires evidence outside the transcript (requires_external_records).,,Bhagavad-Gita study hours. quantified activity metric. NOT SCORABLE FROM CONVERSATION. 'Bhagavad-Gita study hours' is classified as quantified_activity_metric; establishing it requires evidence outside the transcript (requires_external_records).,False,True,False,quantified_count_noun
F0290,Open-source contributions,Open-source contributions,open source contributions,,,quantified_activity_metric,False,low,requires_external_records,NOT SCORABLE FROM CONVERSATION. 'Open-source contributions' is classified as quantified_activity_metric; establishing it requires evidence outside the transcript (requires_external_records).,,Open-source contributions. quantified activity metric. NOT SCORABLE FROM CONVERSATION. 'Open-source contributions' is classified as quantified_activity_metric; establishing it requires evidence outside the transcript (requires_external_records).,False,False,False,quantified_count_noun
F0291,Psychological construct: Social Conformity tendency,Social Conformity tendency,social conformity tendency,,Psychological construct,interpersonal,True,low,,"Rate how strongly the speaker describes relating to others in terms of 'Social Conformity tendency', on a 1-5 scale.","1=no or very weak evidence | 2=weak / passing evidence | 3=moderate, explicit evidence | 4=strong, elaborated evidence | 5=very strong, repeated or richly detailed evidence","Social Conformity tendency. interpersonal. Rate how strongly the speaker describes relating to others in terms of 'Social Conformity tendency', on a 1-5 scale.",False,False,False,interpersonal
F0292,Individuality,Individuality,individuality,,,personality_trait,True,low,,"Rate how strongly the speaker's own words display the disposition 'Individuality', on a 1-5 scale.","1=no or very weak evidence | 2=weak / passing evidence | 3=moderate, explicit evidence | 4=strong, elaborated evidence | 5=very strong, repeated or richly detailed evidence","Individuality. personality trait. Rate how strongly the speaker's own words display the disposition 'Individuality', on a 1-5 scale.",False,False,False,fallback_bare_trait_noun
F0293,740. I Ching hexagram 22 resonance level,I Ching hexagram 22 resonance level,i ching hexagram 22 resonance level,740,,spiritual_religious_practice_metric,False,medium,requires_quantified_self_report,NOT SCORABLE FROM CONVERSATION. 'I Ching hexagram 22 resonance level' is classified as spiritual_religious_practice_metric; establishing it requires evidence outside the transcript (requires_quantified_self_report).,,I Ching hexagram 22 resonance level. spiritual religious practice metric. NOT SCORABLE FROM CONVERSATION. 'I Ching hexagram 22 resonance level' is classified as spiritual_religious_practice_metric; establishing it requires evidence outside the transcript (requires_quantified_self_report).,False,True,False,spiritual_practice_named
F0294,Attachment style: Secure,Secure,secure,,Attachment style,personality_trait,True,low,,"Rate how strongly the speaker's own words display the disposition 'Secure', on a 1-5 scale.","1=no or very weak evidence | 2=weak / passing evidence | 3=moderate, explicit evidence | 4=strong, elaborated evidence | 5=very strong, repeated or richly detailed evidence","Secure. personality trait. Rate how strongly the speaker's own words display the disposition 'Secure', on a 1-5 scale.",False,False,False,fallback_bare_trait_noun
F0295,Intelligence Quotient (IQ),Intelligence Quotient (IQ),intelligence quotient iq,,,cognitive_test_ability,False,low,requires_standardised_assessment,NOT SCORABLE FROM CONVERSATION. 'Intelligence Quotient (IQ)' is classified as cognitive_test_ability; establishing it requires evidence outside the transcript (requires_standardised_assessment).,,Intelligence Quotient (IQ). cognitive test ability. NOT SCORABLE FROM CONVERSATION. 'Intelligence Quotient (IQ)' is classified as cognitive_test_ability; establishing it requires evidence outside the transcript (requires_standardised_assessment).,False,False,False,cognitive_test_score
F0296,Blog-subscriber count,Blog-subscriber count,blog subscriber count,,,quantified_activity_metric,False,low,requires_external_records,NOT SCORABLE FROM CONVERSATION. 'Blog-subscriber count' is classified as quantified_activity_metric; establishing it requires evidence outside the transcript (requires_external_records).,,Blog-subscriber count. quantified activity metric. NOT SCORABLE FROM CONVERSATION. 'Blog-subscriber count' is classified as quantified_activity_metric; establishing it requires evidence outside the transcript (requires_external_records).,False,False,False,quantified_count_noun
F0297,Non-Verbal Communication Skills,Non-Verbal Communication Skills,non verbal communication skills,,,communication_style,True,low,,"Rate how strongly the speaker's own manner of speaking demonstrates 'Non-Verbal Communication Skills', on a 1-5 scale.","1=no or very weak evidence | 2=weak / passing evidence | 3=moderate, explicit evidence | 4=strong, elaborated evidence | 5=very strong, repeated or richly detailed evidence","Non-Verbal Communication Skills. communication style. Rate how strongly the speaker's own manner of speaking demonstrates 'Non-Verbal Communication Skills', on a 1-5 scale.",False,False,False,communication
F0298,Drug-use history,Drug-use history,drug use history,,,clinical_mental_health,False,high,requires_clinical_assessment,NOT SCORABLE FROM CONVERSATION. 'Drug-use history' is classified as clinical_mental_health; establishing it requires evidence outside the transcript (requires_clinical_assessment).,,Drug-use history. clinical mental health. NOT SCORABLE FROM CONVERSATION. 'Drug-use history' is classified as clinical_mental_health; establishing it requires evidence outside the transcript (requires_clinical_assessment).,False,False,False,clinical_named_scale
F0299,Commute time/day,Commute time/day,commute time day,,,quantified_activity_metric,False,low,requires_external_records,NOT SCORABLE FROM CONVERSATION. 'Commute time/day' is classified as quantified_activity_metric; establishing it requires evidence outside the transcript (requires_external_records).,,Commute time/day. quantified activity metric. NOT SCORABLE FROM CONVERSATION. 'Commute time/day' is classified as quantified_activity_metric; establishing it requires evidence outside the transcript (requires_external_records).,False,False,False,quantified_unit_bearing
F0300,Decision-making speed,Decision-making speed,decision making speed,,,cognitive_style,True,low,,"Rate how strongly the speaker's reasoning in this conversation exhibits 'Decision-making speed', on a 1-5 scale.","1=no or very weak evidence | 2=weak / passing evidence | 3=moderate, explicit evidence | 4=strong, elaborated evidence | 5=very strong, repeated or richly detailed evidence","Decision-making speed. cognitive style. Rate how strongly the speaker's reasoning in this conversation exhibits 'Decision-making speed', on a 1-5 scale.",False,False,False,cognitive_style
F0301,Psychological construct: Excuse-Making tendency,Excuse-Making tendency,excuse making tendency,,Psychological construct,behavioral_tendency,True,low,,"Rate how strongly the speaker describes acting in ways characteristic of 'Excuse-Making tendency', on a 1-5 scale.","1=no or very weak evidence | 2=weak / passing evidence | 3=moderate, explicit evidence | 4=strong, elaborated evidence | 5=very strong, repeated or richly detailed evidence","Excuse-Making tendency. behavioral tendency. Rate how strongly the speaker describes acting in ways characteristic of 'Excuse-Making tendency', on a 1-5 scale.",False,False,False,behavioral_tendency
F0302,Peer-to-peer lending usage,Peer-to-peer lending usage,peer to peer lending usage,,,interpersonal,True,low,,"Rate how strongly the speaker describes relating to others in terms of 'Peer-to-peer lending usage', on a 1-5 scale.","1=no or very weak evidence | 2=weak / passing evidence | 3=moderate, explicit evidence | 4=strong, elaborated evidence | 5=very strong, repeated or richly detailed evidence","Peer-to-peer lending usage. interpersonal. Rate how strongly the speaker describes relating to others in terms of 'Peer-to-peer lending usage', on a 1-5 scale.",False,False,False,interpersonal
F0303,Psychological construct: Eye-Contact avoidance score,Eye-Contact avoidance score,eye contact avoidance score,,Psychological construct,psychometric_instrument_score,False,low,psychometric_instrument_scale,NOT SCORABLE FROM CONVERSATION. 'Eye-Contact avoidance score' is classified as psychometric_instrument_score; establishing it requires evidence outside the transcript (psychometric_instrument_scale).,,Eye-Contact avoidance score. psychometric instrument score. NOT SCORABLE FROM CONVERSATION. 'Eye-Contact avoidance score' is classified as psychometric_instrument_score; establishing it requires evidence outside the transcript (psychometric_instrument_scale).,False,False,False,psychometric_instrument_output
F0304,Social-cognition variable: Faux Pas Recognition accuracy,Faux Pas Recognition accuracy,faux pas recognition accuracy,,Social-cognition variable,interpersonal,True,low,,"Rate how strongly the speaker describes relating to others in terms of 'Faux Pas Recognition accuracy', on a 1-5 scale.","1=no or very weak evidence | 2=weak / passing evidence | 3=moderate, explicit evidence | 4=strong, elaborated evidence | 5=very strong, repeated or richly detailed evidence","Faux Pas Recognition accuracy. interpersonal. Rate how strongly the speaker describes relating to others in terms of 'Faux Pas Recognition accuracy', on a 1-5 scale.",False,False,False,interpersonal
F0305,Conscientiousness (C):,Conscientiousness (C),conscientiousness c,,,instrument_or_scale_header,False,low,malformed_or_header_row,NOT SCORABLE FROM CONVERSATION. 'Conscientiousness (C)' is classified as instrument_or_scale_header; establishing it requires evidence outside the transcript (malformed_or_header_row).,,Conscientiousness (C). instrument or scale header. NOT SCORABLE FROM CONVERSATION. 'Conscientiousness (C)' is classified as instrument_or_scale_header; establishing it requires evidence outside the transcript (malformed_or_header_row).,True,False,False,structural_header
F0306,Use of Nature as a Stress Reliever,Use of Nature as a Stress Reliever,use of nature as a stress reliever,,,emotional_state,True,medium,,"Rate how strongly the speaker expresses or reports the emotional state 'Use of Nature as a Stress Reliever', on a 1-5 scale.","1=no or very weak evidence | 2=weak / passing evidence | 3=moderate, explicit evidence | 4=strong, elaborated evidence | 5=very strong, repeated or richly detailed evidence","Use of Nature as a Stress Reliever. emotional state. Rate how strongly the speaker expresses or reports the emotional state 'Use of Nature as a Stress Reliever', on a 1-5 scale.",False,False,False,emotional
F0307,Attitude toward learning,Attitude toward learning,attitude toward learning,,,personality_trait,True,low,,"Rate how strongly the speaker's own words display the disposition 'Attitude toward learning', on a 1-5 scale.","1=no or very weak evidence | 2=weak / passing evidence | 3=moderate, explicit evidence | 4=strong, elaborated evidence | 5=very strong, repeated or richly detailed evidence","Attitude toward learning. personality trait. Rate how strongly the speaker's own words display the disposition 'Attitude toward learning', on a 1-5 scale.",False,False,False,fallback_bare_trait_noun
F0308,Conscientiousness Facets:,Conscientiousness Facets,conscientiousness facets,,,instrument_or_scale_header,False,low,malformed_or_header_row,NOT SCORABLE FROM CONVERSATION. 'Conscientiousness Facets' is classified as instrument_or_scale_header; establishing it requires evidence outside the transcript (malformed_or_header_row).,,Conscientiousness Facets. instrument or scale header. NOT SCORABLE FROM CONVERSATION. 'Conscientiousness Facets' is classified as instrument_or_scale_header; establishing it requires evidence outside the transcript (malformed_or_header_row).,True,False,False,structural_header
F0309,Honesty-humility trait score,Honesty-humility trait score,honesty humility trait score,,,psychometric_instrument_score,False,low,psychometric_instrument_scale,NOT SCORABLE FROM CONVERSATION. 'Honesty-humility trait score' is classified as psychometric_instrument_score; establishing it requires evidence outside the transcript (psychometric_instrument_scale).,,Honesty-humility trait score. psychometric instrument score. NOT SCORABLE FROM CONVERSATION. 'Honesty-humility trait score' is classified as psychometric_instrument_score; establishing it requires evidence outside the transcript (psychometric_instrument_scale).,False,False,False,psychometric_instrument_output
F0310,Digital-nomad months,Digital-nomad months,digital nomad months,,,quantified_activity_metric,False,low,requires_external_records,NOT SCORABLE FROM CONVERSATION. 'Digital-nomad months' is classified as quantified_activity_metric; establishing it requires evidence outside the transcript (requires_external_records).,,Digital-nomad months. quantified activity metric. NOT SCORABLE FROM CONVERSATION. 'Digital-nomad months' is classified as quantified_activity_metric; establishing it requires evidence outside the transcript (requires_external_records).,False,False,False,quantified_count_noun
F0311,516. Religious coping – Negative,Religious coping - Negative,religious coping negative,516,,personality_trait,True,low,,"Rate how strongly the speaker's own words display the disposition 'Religious coping - Negative', on a 1-5 scale.","1=no or very weak evidence | 2=weak / passing evidence | 3=moderate, explicit evidence | 4=strong, elaborated evidence | 5=very strong, repeated or richly detailed evidence","Religious coping - Negative. personality trait. Rate how strongly the speaker's own words display the disposition 'Religious coping - Negative', on a 1-5 scale.",False,True,True,fallback_bare_trait_noun
F0312,Snacking Behavior,Snacking Behavior,snacking behavior,,,preference_lifestyle,True,medium,,"Rate how strongly the speaker states a preference or habit reflecting 'Snacking Behavior', on a 1-5 scale.","1=no or very weak evidence | 2=weak / passing evidence | 3=moderate, explicit evidence | 4=strong, elaborated evidence | 5=very strong, repeated or richly detailed evidence","Snacking Behavior. preference lifestyle. Rate how strongly the speaker states a preference or habit reflecting 'Snacking Behavior', on a 1-5 scale.",False,False,False,preference_lifestyle
F0313,Aura-color perception,Aura-color perception,aura color perception,,,spiritual_religious_practice_metric,False,medium,requires_quantified_self_report,NOT SCORABLE FROM CONVERSATION. 'Aura-color perception' is classified as spiritual_religious_practice_metric; establishing it requires evidence outside the transcript (requires_quantified_self_report).,,Aura-color perception. spiritual religious practice metric. NOT SCORABLE FROM CONVERSATION. 'Aura-color perception' is classified as spiritual_religious_practice_metric; establishing it requires evidence outside the transcript (requires_quantified_self_report).,False,False,False,spiritual_practice_named
F0314,638. Sacred text engagement: Zohar (Kabbalah) study hours,Zohar (Kabbalah) study hours,zohar kabbalah study hours,638,Sacred text engagement,quantified_activity_metric,False,low,requires_external_records,NOT SCORABLE FROM CONVERSATION. 'Zohar (Kabbalah) study hours' is classified as quantified_activity_metric; establishing it requires evidence outside the transcript (requires_external_records).,,Zohar (Kabbalah) study hours. quantified activity metric. NOT SCORABLE FROM CONVERSATION. 'Zohar (Kabbalah) study hours' is classified as quantified_activity_metric; establishing it requires evidence outside the transcript (requires_external_records).,False,True,False,quantified_count_noun
F0315,Motivational Drivers:,Motivational Drivers,motivational drivers,,,instrument_or_scale_header,False,low,malformed_or_header_row,NOT SCORABLE FROM CONVERSATION. 'Motivational Drivers' is classified as instrument_or_scale_header; establishing it requires evidence outside the transcript (malformed_or_header_row).,,Motivational Drivers. instrument or scale header. NOT SCORABLE FROM CONVERSATION. 'Motivational Drivers' is classified as instrument_or_scale_header; establishing it requires evidence outside the transcript (malformed_or_header_row).,True,False,False,structural_header
F0316,Cloud-backup frequency,Cloud-backup frequency,cloud backup frequency,,,quantified_activity_metric,False,low,requires_external_records,NOT SCORABLE FROM CONVERSATION. 'Cloud-backup frequency' is classified as quantified_activity_metric; establishing it requires evidence outside the transcript (requires_external_records).,,Cloud-backup frequency. quantified activity metric. NOT SCORABLE FROM CONVERSATION. 'Cloud-backup frequency' is classified as quantified_activity_metric; establishing it requires evidence outside the transcript (requires_external_records).,False,False,False,quantified_count_noun
F0317,Learning Style,Learning Style,learning style,,,preference_lifestyle,True,medium,,"Rate how strongly the speaker states a preference or habit reflecting 'Learning Style', on a 1-5 scale.","1=no or very weak evidence | 2=weak / passing evidence | 3=moderate, explicit evidence | 4=strong, elaborated evidence | 5=very strong, repeated or richly detailed evidence","Learning Style. preference lifestyle. Rate how strongly the speaker states a preference or habit reflecting 'Learning Style', on a 1-5 scale.",False,False,False,preference_lifestyle
F0318,872. Islamic practice: Seerah study hours,Seerah study hours,seerah study hours,872,Islamic practice,quantified_activity_metric,False,low,requires_external_records,NOT SCORABLE FROM CONVERSATION. 'Seerah study hours' is classified as quantified_activity_metric; establishing it requires evidence outside the transcript (requires_external_records).,,Seerah study hours. quantified activity metric. NOT SCORABLE FROM CONVERSATION. 'Seerah study hours' is classified as quantified_activity_metric; establishing it requires evidence outside the transcript (requires_external_records).,False,True,False,quantified_count_noun
F0319,Safety compliance,Safety compliance,safety compliance,,,behavioral_tendency,True,low,,"Rate how strongly the speaker describes acting in ways characteristic of 'Safety compliance', on a 1-5 scale.","1=no or very weak evidence | 2=weak / passing evidence | 3=moderate, explicit evidence | 4=strong, elaborated evidence | 5=very strong, repeated or richly detailed evidence","Safety compliance. behavioral tendency. Rate how strongly the speaker describes acting in ways characteristic of 'Safety compliance', on a 1-5 scale.",False,False,False,behavioral_tendency
F0320,Sensationalism,Sensationalism,sensationalism,,,communication_style,True,low,,"Rate how strongly the speaker's own manner of speaking demonstrates 'Sensationalism', on a 1-5 scale.","1=no or very weak evidence | 2=weak / passing evidence | 3=moderate, explicit evidence | 4=strong, elaborated evidence | 5=very strong, repeated or richly detailed evidence","Sensationalism. communication style. Rate how strongly the speaker's own manner of speaking demonstrates 'Sensationalism', on a 1-5 scale.",False,False,False,communication
F0321,Nationality,Nationality,nationality,,,demographic_biographical,False,high,demographic_fact_not_inferable,NOT SCORABLE FROM CONVERSATION. 'Nationality' is classified as demographic_biographical; establishing it requires evidence outside the transcript (demographic_fact_not_inferable).,,Nationality. demographic biographical. NOT SCORABLE FROM CONVERSATION. 'Nationality' is classified as demographic_biographical; establishing it requires evidence outside the transcript (demographic_fact_not_inferable).,False,False,False,demographic_fact
F0322,Drollness,Drollness,drollness,,,personality_trait,True,low,,"Rate how strongly the speaker's own words display the disposition 'Drollness', on a 1-5 scale.","1=no or very weak evidence | 2=weak / passing evidence | 3=moderate, explicit evidence | 4=strong, elaborated evidence | 5=very strong, repeated or richly detailed evidence","Drollness. personality trait. Rate how strongly the speaker's own words display the disposition 'Drollness', on a 1-5 scale.",False,False,False,fallback_bare_trait_noun
F0323,Cooperation,Cooperation,cooperation,,,interpersonal,True,low,,"Rate how strongly the speaker describes relating to others in terms of 'Cooperation', on a 1-5 scale.","1=no or very weak evidence | 2=weak / passing evidence | 3=moderate, explicit evidence | 4=strong, elaborated evidence | 5=very strong, repeated or richly detailed evidence","Cooperation. interpersonal. Rate how strongly the speaker describes relating to others in terms of 'Cooperation', on a 1-5 scale.",False,False,False,interpersonal
F0324,Breakfast-skipping frequency,Breakfast-skipping frequency,breakfast skipping frequency,,,quantified_activity_metric,False,low,requires_external_records,NOT SCORABLE FROM CONVERSATION. 'Breakfast-skipping frequency' is classified as quantified_activity_metric; establishing it requires evidence outside the transcript (requires_external_records).,,Breakfast-skipping frequency. quantified activity metric. NOT SCORABLE FROM CONVERSATION. 'Breakfast-skipping frequency' is classified as quantified_activity_metric; establishing it requires evidence outside the transcript (requires_external_records).,False,False,False,quantified_count_noun
F0325,922. Sikh spiritual metric: Kirtan participation frequency,Kirtan participation frequency,kirtan participation frequency,922,Sikh spiritual metric,quantified_activity_metric,False,low,requires_external_records,NOT SCORABLE FROM CONVERSATION. 'Kirtan participation frequency' is classified as quantified_activity_metric; establishing it requires evidence outside the transcript (requires_external_records).,,Kirtan participation frequency. quantified activity metric. NOT SCORABLE FROM CONVERSATION. 'Kirtan participation frequency' is classified as quantified_activity_metric; establishing it requires evidence outside the transcript (requires_external_records).,False,True,False,quantified_count_noun
F0326,Impulsivity,Impulsivity,impulsivity,,,behavioral_tendency,True,low,,"Rate how strongly the speaker describes acting in ways characteristic of 'Impulsivity', on a 1-5 scale.","1=no or very weak evidence | 2=weak / passing evidence | 3=moderate, explicit evidence | 4=strong, elaborated evidence | 5=very strong, repeated or richly detailed evidence","Impulsivity. behavioral tendency. Rate how strongly the speaker describes acting in ways characteristic of 'Impulsivity', on a 1-5 scale.",False,False,False,behavioral_tendency
F0327,Museum visits/year,Museum visits/year,museum visits year,,,quantified_activity_metric,False,low,requires_external_records,NOT SCORABLE FROM CONVERSATION. 'Museum visits/year' is classified as quantified_activity_metric; establishing it requires evidence outside the transcript (requires_external_records).,,Museum visits/year. quantified activity metric. NOT SCORABLE FROM CONVERSATION. 'Museum visits/year' is classified as quantified_activity_metric; establishing it requires evidence outside the transcript (requires_external_records).,False,False,False,quantified_unit_bearing
F0328,Choir participation years,Choir participation years,choir participation years,,,quantified_activity_metric,False,low,requires_external_records,NOT SCORABLE FROM CONVERSATION. 'Choir participation years' is classified as quantified_activity_metric; establishing it requires evidence outside the transcript (requires_external_records).,,Choir participation years. quantified activity metric. NOT SCORABLE FROM CONVERSATION. 'Choir participation years' is classified as quantified_activity_metric; establishing it requires evidence outside the transcript (requires_external_records).,False,False,False,quantified_count_noun
F0329,Delegation Ability,Delegation Ability,delegation ability,,,interpersonal,True,low,,"Rate how strongly the speaker describes relating to others in terms of 'Delegation Ability', on a 1-5 scale.","1=no or very weak evidence | 2=weak / passing evidence | 3=moderate, explicit evidence | 4=strong, elaborated evidence | 5=very strong, repeated or richly detailed evidence","Delegation Ability. interpersonal. Rate how strongly the speaker describes relating to others in terms of 'Delegation Ability', on a 1-5 scale.",False,False,False,interpersonal
F0330,788. Kabbalah sephira balance: Tiferet,Tiferet,tiferet,788,Kabbalah sephira balance,spiritual_religious_practice_metric,False,medium,requires_quantified_self_report,NOT SCORABLE FROM CONVERSATION. 'Tiferet' is classified as spiritual_religious_practice_metric; establishing it requires evidence outside the transcript (requires_quantified_self_report).,,Tiferet. spiritual religious practice metric. NOT SCORABLE FROM CONVERSATION. 'Tiferet' is classified as spiritual_religious_practice_metric; establishing it requires evidence outside the transcript (requires_quantified_self_report).,False,True,False,spiritual_practice_named
F0331,Desire to influence others,Desire to influence others,desire to influence others,,,motivation_value,True,low,,"Rate how strongly the speaker expresses 'Desire to influence others' as a driver or held value, on a 1-5 scale.","1=no or very weak evidence | 2=weak / passing evidence | 3=moderate, explicit evidence | 4=strong, elaborated evidence | 5=very strong, repeated or richly detailed evidence","Desire to influence others. motivation value. Rate how strongly the speaker expresses 'Desire to influence others' as a driver or held value, on a 1-5 scale.",False,False,False,motivation
F0332,Vivacity,Vivacity,vivacity,,,emotional_state,True,medium,,"Rate how strongly the speaker expresses or reports the emotional state 'Vivacity', on a 1-5 scale.","1=no or very weak evidence | 2=weak / passing evidence | 3=moderate, explicit evidence | 4=strong, elaborated evidence | 5=very strong, repeated or richly detailed evidence","Vivacity. emotional state. Rate how strongly the speaker expresses or reports the emotional state 'Vivacity', on a 1-5 scale.",False,False,False,emotional
F0333,Genialness,Genialness,genialness,,,personality_trait,True,low,,"Rate how strongly the speaker's own words display the disposition 'Genialness', on a 1-5 scale.","1=no or very weak evidence | 2=weak / passing evidence | 3=moderate, explicit evidence | 4=strong, elaborated evidence | 5=very strong, repeated or richly detailed evidence","Genialness. personality trait. Rate how strongly the speaker's own words display the disposition 'Genialness', on a 1-5 scale.",False,False,False,fallback_bare_trait_noun
F0334,Cognitive measure: Working Memory Index,Working Memory Index,working memory index,,Cognitive measure,cognitive_test_ability,False,low,requires_standardised_assessment,NOT SCORABLE FROM CONVERSATION. 'Working Memory Index' is classified as cognitive_test_ability; establishing it requires evidence outside the transcript (requires_standardised_assessment).,,Working Memory Index. cognitive test ability. NOT SCORABLE FROM CONVERSATION. 'Working Memory Index' is classified as cognitive_test_ability; establishing it requires evidence outside the transcript (requires_standardised_assessment).,False,False,False,cognitive_test_score
F0335,Ethical practices,Ethical practices,ethical practices,,,motivation_value,True,low,,"Rate how strongly the speaker expresses 'Ethical practices' as a driver or held value, on a 1-5 scale.","1=no or very weak evidence | 2=weak / passing evidence | 3=moderate, explicit evidence | 4=strong, elaborated evidence | 5=very strong, repeated or richly detailed evidence","Ethical practices. motivation value. Rate how strongly the speaker expresses 'Ethical practices' as a driver or held value, on a 1-5 scale.",False,False,False,motivation
F0336,945. New-Age spiritual metric: Channeling sessions / year,Channeling sessions / year,channeling sessions year,945,New-Age spiritual metric,quantified_activity_metric,False,low,requires_external_records,NOT SCORABLE FROM CONVERSATION. 'Channeling sessions / year' is classified as quantified_activity_metric; establishing it requires evidence outside the transcript (requires_external_records).,,Channeling sessions / year. quantified activity metric. NOT SCORABLE FROM CONVERSATION. 'Channeling sessions / year' is classified as quantified_activity_metric; establishing it requires evidence outside the transcript (requires_external_records).,False,True,False,quantified_unit_bearing
F0337,Civility,Civility,civility,,,interpersonal,True,low,,"Rate how strongly the speaker describes relating to others in terms of 'Civility', on a 1-5 scale.","1=no or very weak evidence | 2=weak / passing evidence | 3=moderate, explicit evidence | 4=strong, elaborated evidence | 5=very strong, repeated or richly detailed evidence","Civility. interpersonal. Rate how strongly the speaker describes relating to others in terms of 'Civility', on a 1-5 scale.",False,False,False,interpersonal
F0338,Sleep Apnea,Sleep Apnea,sleep apnea,,,biometric_physiological,False,high,requires_biometric_measurement,NOT SCORABLE FROM CONVERSATION. 'Sleep Apnea' is classified as biometric_physiological; establishing it requires evidence outside the transcript (requires_biometric_measurement).,,Sleep Apnea. biometric physiological. NOT SCORABLE FROM CONVERSATION. 'Sleep Apnea' is classified as biometric_physiological; establishing it requires evidence outside the transcript (requires_biometric_measurement).,False,False,False,biomarker_body_measure
F0339,Classiness,Classiness,classiness,,,personality_trait,True,low,,"Rate how strongly the speaker's own words display the disposition 'Classiness', on a 1-5 scale.","1=no or very weak evidence | 2=weak / passing evidence | 3=moderate, explicit evidence | 4=strong, elaborated evidence | 5=very strong, repeated or richly detailed evidence","Classiness. personality trait. Rate how strongly the speaker's own words display the disposition 'Classiness', on a 1-5 scale.",False,False,False,fallback_bare_trait_noun
F0340,Control over situations,Control over situations,control over situations,,,personality_trait,True,low,,"Rate how strongly the speaker's own words display the disposition 'Control over situations', on a 1-5 scale.","1=no or very weak evidence | 2=weak / passing evidence | 3=moderate, explicit evidence | 4=strong, elaborated evidence | 5=very strong, repeated or richly detailed evidence","Control over situations. personality trait. Rate how strongly the speaker's own words display the disposition 'Control over situations', on a 1-5 scale.",False,False,False,fallback_bare_trait_noun
F0341,Time outdoors/day (h),Time outdoors/day (h),time outdoors day h,,,quantified_activity_metric,False,low,requires_external_records,NOT SCORABLE FROM CONVERSATION. 'Time outdoors/day (h)' is classified as quantified_activity_metric; establishing it requires evidence outside the transcript (requires_external_records).,,Time outdoors/day (h). quantified activity metric. NOT SCORABLE FROM CONVERSATION. 'Time outdoors/day (h)' is classified as quantified_activity_metric; establishing it requires evidence outside the transcript (requires_external_records).,False,False,False,quantified_unit_bearing
F0342,Effeteness,Effeteness,effeteness,,,personality_trait,True,low,,"Rate how strongly the speaker's own words display the disposition 'Effeteness', on a 1-5 scale.","1=no or very weak evidence | 2=weak / passing evidence | 3=moderate, explicit evidence | 4=strong, elaborated evidence | 5=very strong, repeated or richly detailed evidence","Effeteness. personality trait. Rate how strongly the speaker's own words display the disposition 'Effeteness', on a 1-5 scale.",False,False,False,fallback_bare_trait_noun
F0343,Polygenic risk: cardiovascular disease,cardiovascular disease,cardiovascular disease,,Polygenic risk,biometric_physiological,False,high,requires_biometric_measurement,NOT SCORABLE FROM CONVERSATION. 'cardiovascular disease' is classified as biometric_physiological; establishing it requires evidence outside the transcript (requires_biometric_measurement).,,cardiovascular disease. biometric physiological. NOT SCORABLE FROM CONVERSATION. 'cardiovascular disease' is classified as biometric_physiological; establishing it requires evidence outside the transcript (requires_biometric_measurement).,False,False,False,biomarker_named_analyte
F0344,Psychological construct: Identity Diffusion level,Identity Diffusion level,identity diffusion level,,Psychological construct,personality_trait,True,low,,"Rate how strongly the speaker's own words display the disposition 'Identity Diffusion level', on a 1-5 scale.","1=no or very weak evidence | 2=weak / passing evidence | 3=moderate, explicit evidence | 4=strong, elaborated evidence | 5=very strong, repeated or richly detailed evidence","Identity Diffusion level. personality trait. Rate how strongly the speaker's own words display the disposition 'Identity Diffusion level', on a 1-5 scale.",False,False,False,fallback_bare_trait_noun
F0345,Learning through movement,Learning through movement,learning through movement,,,personality_trait,True,low,,"Rate how strongly the speaker's own words display the disposition 'Learning through movement', on a 1-5 scale.","1=no or very weak evidence | 2=weak / passing evidence | 3=moderate, explicit evidence | 4=strong, elaborated evidence | 5=very strong, repeated or richly detailed evidence","Learning through movement. personality trait. Rate how strongly the speaker's own words display the disposition 'Learning through movement', on a 1-5 scale.",False,False,False,fallback_bare_trait_noun
F0346,Caffeine sensitivity gene,Caffeine sensitivity gene,caffeine sensitivity gene,,,biometric_physiological,False,high,requires_biometric_measurement,NOT SCORABLE FROM CONVERSATION. 'Caffeine sensitivity gene' is classified as biometric_physiological; establishing it requires evidence outside the transcript (requires_biometric_measurement).,,Caffeine sensitivity gene. biometric physiological. NOT SCORABLE FROM CONVERSATION. 'Caffeine sensitivity gene' is classified as biometric_physiological; establishing it requires evidence outside the transcript (requires_biometric_measurement).,False,False,False,biomarker_genetic
F0347,Hatefulness,Hatefulness,hatefulness,,,personality_trait,True,low,,"Rate how strongly the speaker's own words display the disposition 'Hatefulness', on a 1-5 scale.","1=no or very weak evidence | 2=weak / passing evidence | 3=moderate, explicit evidence | 4=strong, elaborated evidence | 5=very strong, repeated or richly detailed evidence","Hatefulness. personality trait. Rate how strongly the speaker's own words display the disposition 'Hatefulness', on a 1-5 scale.",False,False,False,fallback_bare_trait_noun
F0348,Persistence:,Persistence,persistence,,,instrument_or_scale_header,False,low,malformed_or_header_row,NOT SCORABLE FROM CONVERSATION. 'Persistence' is classified as instrument_or_scale_header; establishing it requires evidence outside the transcript (malformed_or_header_row).,,Persistence. instrument or scale header. NOT SCORABLE FROM CONVERSATION. 'Persistence' is classified as instrument_or_scale_header; establishing it requires evidence outside the transcript (malformed_or_header_row).,True,False,False,structural_header
F0349,Psychological construct: Perfectionistic Strivings,Perfectionistic Strivings,perfectionistic strivings,,Psychological construct,personality_trait,True,low,,"Rate how strongly the speaker's own words display the disposition 'Perfectionistic Strivings', on a 1-5 scale.","1=no or very weak evidence | 2=weak / passing evidence | 3=moderate, explicit evidence | 4=strong, elaborated evidence | 5=very strong, repeated or richly detailed evidence","Perfectionistic Strivings. personality trait. Rate how strongly the speaker's own words display the disposition 'Perfectionistic Strivings', on a 1-5 scale.",False,False,False,fallback_bare_trait_noun
F0350,Wake-time consistency,Wake-time consistency,wake time consistency,,,quantified_activity_metric,False,low,requires_external_records,NOT SCORABLE FROM CONVERSATION. 'Wake-time consistency' is classified as quantified_activity_metric; establishing it requires evidence outside the transcript (requires_external_records).,,Wake-time consistency. quantified activity metric. NOT SCORABLE FROM CONVERSATION. 'Wake-time consistency' is classified as quantified_activity_metric; establishing it requires evidence outside the transcript (requires_external_records).,False,False,False,quantified_count_noun
F0351,Numerical Reasoning:,Numerical Reasoning,numerical reasoning,,,instrument_or_scale_header,False,low,malformed_or_header_row,NOT SCORABLE FROM CONVERSATION. 'Numerical Reasoning' is classified as instrument_or_scale_header; establishing it requires evidence outside the transcript (malformed_or_header_row).,,Numerical Reasoning. instrument or scale header. NOT SCORABLE FROM CONVERSATION. 'Numerical Reasoning' is classified as instrument_or_scale_header; establishing it requires evidence outside the transcript (malformed_or_header_row).,True,False,False,structural_header
F0352,Social-cognition variable: Mentalizing network activation,Mentalizing network activation,mentalizing network activation,,Social-cognition variable,interpersonal,True,low,,"Rate how strongly the speaker describes relating to others in terms of 'Mentalizing network activation', on a 1-5 scale.","1=no or very weak evidence | 2=weak / passing evidence | 3=moderate, explicit evidence | 4=strong, elaborated evidence | 5=very strong, repeated or richly detailed evidence","Mentalizing network activation. interpersonal. Rate how strongly the speaker describes relating to others in terms of 'Mentalizing network activation', on a 1-5 scale.",False,False,False,interpersonal
F0353,Patriotism,Patriotism,patriotism,,,demographic_biographical,False,high,demographic_fact_not_inferable,NOT SCORABLE FROM CONVERSATION. 'Patriotism' is classified as demographic_biographical; establishing it requires evidence outside the transcript (demographic_fact_not_inferable).,,Patriotism. demographic biographical. NOT SCORABLE FROM CONVERSATION. 'Patriotism' is classified as demographic_biographical; establishing it requires evidence outside the transcript (demographic_fact_not_inferable).,False,False,False,demographic_fact
F0354,Leadership Styles:,Leadership Styles,leadership styles,,,instrument_or_scale_header,False,low,malformed_or_header_row,NOT SCORABLE FROM CONVERSATION. 'Leadership Styles' is classified as instrument_or_scale_header; establishing it requires evidence outside the transcript (malformed_or_header_row).,,Leadership Styles. instrument or scale header. NOT SCORABLE FROM CONVERSATION. 'Leadership Styles' is classified as instrument_or_scale_header; establishing it requires evidence outside the transcript (malformed_or_header_row).,True,False,False,structural_header
F0355,Servility,Servility,servility,,,personality_trait,True,low,,"Rate how strongly the speaker's own words display the disposition 'Servility', on a 1-5 scale.","1=no or very weak evidence | 2=weak / passing evidence | 3=moderate, explicit evidence | 4=strong, elaborated evidence | 5=very strong, repeated or richly detailed evidence","Servility. personality trait. Rate how strongly the speaker's own words display the disposition 'Servility', on a 1-5 scale.",False,False,False,fallback_bare_trait_noun
F0356,742. I Ching hexagram 24 resonance level,I Ching hexagram 24 resonance level,i ching hexagram 24 resonance level,742,,spiritual_religious_practice_metric,False,medium,requires_quantified_self_report,NOT SCORABLE FROM CONVERSATION. 'I Ching hexagram 24 resonance level' is classified as spiritual_religious_practice_metric; establishing it requires evidence outside the transcript (requires_quantified_self_report).,,I Ching hexagram 24 resonance level. spiritual religious practice metric. NOT SCORABLE FROM CONVERSATION. 'I Ching hexagram 24 resonance level' is classified as spiritual_religious_practice_metric; establishing it requires evidence outside the transcript (requires_quantified_self_report).,False,True,False,spiritual_practice_named
F0357,Enneagram Personality Types:,Enneagram Personality Types,enneagram personality types,,,instrument_or_scale_header,False,low,malformed_or_header_row,NOT SCORABLE FROM CONVERSATION. 'Enneagram Personality Types' is classified as instrument_or_scale_header; establishing it requires evidence outside the transcript (malformed_or_header_row).,,Enneagram Personality Types. instrument or scale header. NOT SCORABLE FROM CONVERSATION. 'Enneagram Personality Types' is classified as instrument_or_scale_header; establishing it requires evidence outside the transcript (malformed_or_header_row).,True,False,False,structural_header
F0358,Stress Recovery Ability,Stress Recovery Ability,stress recovery ability,,,emotional_state,True,medium,,"Rate how strongly the speaker expresses or reports the emotional state 'Stress Recovery Ability', on a 1-5 scale.","1=no or very weak evidence | 2=weak / passing evidence | 3=moderate, explicit evidence | 4=strong, elaborated evidence | 5=very strong, repeated or richly detailed evidence","Stress Recovery Ability. emotional state. Rate how strongly the speaker expresses or reports the emotional state 'Stress Recovery Ability', on a 1-5 scale.",False,False,False,emotional
F0359,Troubleshooting technical issues,Troubleshooting technical issues,troubleshooting technical issues,,,cognitive_style,True,low,,"Rate how strongly the speaker's reasoning in this conversation exhibits 'Troubleshooting technical issues', on a 1-5 scale.","1=no or very weak evidence | 2=weak / passing evidence | 3=moderate, explicit evidence | 4=strong, elaborated evidence | 5=very strong, repeated or richly detailed evidence","Troubleshooting technical issues. cognitive style. Rate how strongly the speaker's reasoning in this conversation exhibits 'Troubleshooting technical issues', on a 1-5 scale.",False,False,False,cognitive_style
F0360,Defense-mechanism tendency: Introjection,Introjection,introjection,,Defense-mechanism tendency,behavioral_tendency,True,low,,"Rate how strongly the speaker describes acting in ways characteristic of 'Introjection', on a 1-5 scale.","1=no or very weak evidence | 2=weak / passing evidence | 3=moderate, explicit evidence | 4=strong, elaborated evidence | 5=very strong, repeated or richly detailed evidence","Introjection. behavioral tendency. Rate how strongly the speaker describes acting in ways characteristic of 'Introjection', on a 1-5 scale.",False,False,False,behavioral_tendency
F0361,Irritability,Irritability,irritability,,,emotional_state,True,medium,,"Rate how strongly the speaker expresses or reports the emotional state 'Irritability', on a 1-5 scale.","1=no or very weak evidence | 2=weak / passing evidence | 3=moderate, explicit evidence | 4=strong, elaborated evidence | 5=very strong, repeated or richly detailed evidence","Irritability. emotional state. Rate how strongly the speaker expresses or reports the emotional state 'Irritability', on a 1-5 scale.",False,False,False,emotional
F0362,Travel-companions diversity,Travel-companions diversity,travel companions diversity,,,preference_lifestyle,True,medium,,"Rate how strongly the speaker states a preference or habit reflecting 'Travel-companions diversity', on a 1-5 scale.","1=no or very weak evidence | 2=weak / passing evidence | 3=moderate, explicit evidence | 4=strong, elaborated evidence | 5=very strong, repeated or richly detailed evidence","Travel-companions diversity. preference lifestyle. Rate how strongly the speaker states a preference or habit reflecting 'Travel-companions diversity', on a 1-5 scale.",False,False,False,preference_lifestyle
F0363,627. Sacred text engagement: Quran surahs memorized,Quran surahs memorized,quran surahs memorized,627,Sacred text engagement,quantified_activity_metric,False,low,requires_external_records,NOT SCORABLE FROM CONVERSATION. 'Quran surahs memorized' is classified as quantified_activity_metric; establishing it requires evidence outside the transcript (requires_external_records).,,Quran surahs memorized. quantified activity metric. NOT SCORABLE FROM CONVERSATION. 'Quran surahs memorized' is classified as quantified_activity_metric; establishing it requires evidence outside the transcript (requires_external_records).,False,True,False,quantified_count_noun
F0364,Trust in others,Trust in others,trust in others,,,interpersonal,True,low,,"Rate how strongly the speaker describes relating to others in terms of 'Trust in others', on a 1-5 scale.","1=no or very weak evidence | 2=weak / passing evidence | 3=moderate, explicit evidence | 4=strong, elaborated evidence | 5=very strong, repeated or richly detailed evidence","Trust in others. interpersonal. Rate how strongly the speaker describes relating to others in terms of 'Trust in others', on a 1-5 scale.",False,False,False,interpersonal
F0365,Gamified-finance-app usage,Gamified-finance-app usage,gamified finance app usage,,,personality_trait,True,low,,"Rate how strongly the speaker's own words display the disposition 'Gamified-finance-app usage', on a 1-5 scale.","1=no or very weak evidence | 2=weak / passing evidence | 3=moderate, explicit evidence | 4=strong, elaborated evidence | 5=very strong, repeated or richly detailed evidence","Gamified-finance-app usage. personality trait. Rate how strongly the speaker's own words display the disposition 'Gamified-finance-app usage', on a 1-5 scale.",False,False,False,fallback_bare_trait_noun
F0366,823. Buddhist practice: Eightfold Path – Right Intention level,Eightfold Path - Right Intention level,eightfold path right intention level,823,Buddhist practice,personality_trait,True,low,,"Rate how strongly the speaker's own words display the disposition 'Eightfold Path - Right Intention level', on a 1-5 scale.","1=no or very weak evidence | 2=weak / passing evidence | 3=moderate, explicit evidence | 4=strong, elaborated evidence | 5=very strong, repeated or richly detailed evidence","Eightfold Path - Right Intention level. personality trait. Rate how strongly the speaker's own words display the disposition 'Eightfold Path - Right Intention level', on a 1-5 scale.",False,True,True,fallback_bare_trait_noun
F0367,Caffeine intake (mg/day),Caffeine intake (mg/day),caffeine intake mg day,,,quantified_activity_metric,False,low,requires_external_records,NOT SCORABLE FROM CONVERSATION. 'Caffeine intake (mg/day)' is classified as quantified_activity_metric; establishing it requires evidence outside the transcript (requires_external_records).,,Caffeine intake (mg/day). quantified activity metric. NOT SCORABLE FROM CONVERSATION. 'Caffeine intake (mg/day)' is classified as quantified_activity_metric; establishing it requires evidence outside the transcript (requires_external_records).,False,False,False,quantified_unit_bearing
F0368,Comfort with Vulnerability,Comfort with Vulnerability,comfort with vulnerability,,,personality_trait,True,low,,"Rate how strongly the speaker's own words display the disposition 'Comfort with Vulnerability', on a 1-5 scale.","1=no or very weak evidence | 2=weak / passing evidence | 3=moderate, explicit evidence | 4=strong, elaborated evidence | 5=very strong, repeated or richly detailed evidence","Comfort with Vulnerability. personality trait. Rate how strongly the speaker's own words display the disposition 'Comfort with Vulnerability', on a 1-5 scale.",False,False,False,fallback_bare_trait_noun
F0369,Anticipativeness,Anticipativeness,anticipativeness,,,personality_trait,True,low,,"Rate how strongly the speaker's own words display the disposition 'Anticipativeness', on a 1-5 scale.","1=no or very weak evidence | 2=weak / passing evidence | 3=moderate, explicit evidence | 4=strong, elaborated evidence | 5=very strong, repeated or richly detailed evidence","Anticipativeness. personality trait. Rate how strongly the speaker's own words display the disposition 'Anticipativeness', on a 1-5 scale.",False,False,False,fallback_bare_trait_noun
F0370,Additional Common Parameters and Their End Points:,Additional Common Parameters and Their End Points,additional common parameters and their end points,,,instrument_or_scale_header,False,low,malformed_or_header_row,NOT SCORABLE FROM CONVERSATION. 'Additional Common Parameters and Their End Points' is classified as instrument_or_scale_header; establishing it requires evidence outside the transcript (malformed_or_header_row).,,Additional Common Parameters and Their End Points. instrument or scale header. NOT SCORABLE FROM CONVERSATION. 'Additional Common Parameters and Their End Points' is classified as instrument_or_scale_header; establishing it requires evidence outside the transcript (malformed_or_header_row).,True,False,False,structural_header
F0371,Avoiding:,Avoiding,avoiding,,,instrument_or_scale_header,False,low,malformed_or_header_row,NOT SCORABLE FROM CONVERSATION. 'Avoiding' is classified as instrument_or_scale_header; establishing it requires evidence outside the transcript (malformed_or_header_row).,,Avoiding. instrument or scale header. NOT SCORABLE FROM CONVERSATION. 'Avoiding' is classified as instrument_or_scale_header; establishing it requires evidence outside the transcript (malformed_or_header_row).,True,False,False,structural_header
F0372,Home-security-system presence,Home-security-system presence,home security system presence,,,personality_trait,True,low,,"Rate how strongly the speaker's own words display the disposition 'Home-security-system presence', on a 1-5 scale.","1=no or very weak evidence | 2=weak / passing evidence | 3=moderate, explicit evidence | 4=strong, elaborated evidence | 5=very strong, repeated or richly detailed evidence","Home-security-system presence. personality trait. Rate how strongly the speaker's own words display the disposition 'Home-security-system presence', on a 1-5 scale.",False,False,False,fallback_bare_trait_noun
F0373,HEXACO domain: Honesty-Humility,Honesty-Humility,honesty humility,,HEXACO domain,motivation_value,True,low,,"Rate how strongly the speaker expresses 'Honesty-Humility' as a driver or held value, on a 1-5 scale.","1=no or very weak evidence | 2=weak / passing evidence | 3=moderate, explicit evidence | 4=strong, elaborated evidence | 5=very strong, repeated or richly detailed evidence","Honesty-Humility. motivation value. Rate how strongly the speaker expresses 'Honesty-Humility' as a driver or held value, on a 1-5 scale.",False,False,False,motivation
F0374,Eating Habits (Home-Cooked vs. Eating Out),Eating Habits (Home-Cooked vs. Eating Out),eating habits home cooked vs eating out,,,preference_lifestyle,True,medium,,"Rate how strongly the speaker states a preference or habit reflecting 'Eating Habits (Home-Cooked vs. Eating Out)', on a 1-5 scale.","1=no or very weak evidence | 2=weak / passing evidence | 3=moderate, explicit evidence | 4=strong, elaborated evidence | 5=very strong, repeated or richly detailed evidence","Eating Habits (Home-Cooked vs. Eating Out). preference lifestyle. Rate how strongly the speaker states a preference or habit reflecting 'Eating Habits (Home-Cooked vs. Eating Out)', on a 1-5 scale.",False,False,False,preference_lifestyle
F0375,Decision-Making Confidence,Decision-Making Confidence,decision making confidence,,,cognitive_style,True,low,,"Rate how strongly the speaker's reasoning in this conversation exhibits 'Decision-Making Confidence', on a 1-5 scale.","1=no or very weak evidence | 2=weak / passing evidence | 3=moderate, explicit evidence | 4=strong, elaborated evidence | 5=very strong, repeated or richly detailed evidence","Decision-Making Confidence. cognitive style. Rate how strongly the speaker's reasoning in this conversation exhibits 'Decision-Making Confidence', on a 1-5 scale.",False,False,False,cognitive_style
F0376,Alignment with societal roles,Alignment with societal roles,alignment with societal roles,,,personality_trait,True,low,,"Rate how strongly the speaker's own words display the disposition 'Alignment with societal roles', on a 1-5 scale.","1=no or very weak evidence | 2=weak / passing evidence | 3=moderate, explicit evidence | 4=strong, elaborated evidence | 5=very strong, repeated or richly detailed evidence","Alignment with societal roles. personality trait. Rate how strongly the speaker's own words display the disposition 'Alignment with societal roles', on a 1-5 scale.",False,False,False,fallback_bare_trait_noun
F0377,Connectedness: Belief in interconnections,Connectedness: Belief in interconnections,connectedness belief in interconnections,,,personality_trait,True,low,,"Rate how strongly the speaker's own words display the disposition 'Connectedness: Belief in interconnections', on a 1-5 scale.","1=no or very weak evidence | 2=weak / passing evidence | 3=moderate, explicit evidence | 4=strong, elaborated evidence | 5=very strong, repeated or richly detailed evidence","Connectedness: Belief in interconnections. personality trait. Rate how strongly the speaker's own words display the disposition 'Connectedness: Belief in interconnections', on a 1-5 scale.",False,False,False,fallback_bare_trait_noun
F0378,Quirkiness,Quirkiness,quirkiness,,,personality_trait,True,low,,"Rate how strongly the speaker's own words display the disposition 'Quirkiness', on a 1-5 scale.","1=no or very weak evidence | 2=weak / passing evidence | 3=moderate, explicit evidence | 4=strong, elaborated evidence | 5=very strong, repeated or richly detailed evidence","Quirkiness. personality trait. Rate how strongly the speaker's own words display the disposition 'Quirkiness', on a 1-5 scale.",False,False,False,fallback_bare_trait_noun
F0379,Creative resilience,Creative resilience,creative resilience,,,cognitive_style,True,low,,"Rate how strongly the speaker's reasoning in this conversation exhibits 'Creative resilience', on a 1-5 scale.","1=no or very weak evidence | 2=weak / passing evidence | 3=moderate, explicit evidence | 4=strong, elaborated evidence | 5=very strong, repeated or richly detailed evidence","Creative resilience. cognitive style. Rate how strongly the speaker's reasoning in this conversation exhibits 'Creative resilience', on a 1-5 scale.",False,False,False,cognitive_style
F0380,Rapid cognitive processing,Rapid cognitive processing,rapid cognitive processing,,,cognitive_test_ability,False,low,requires_standardised_assessment,NOT SCORABLE FROM CONVERSATION. 'Rapid cognitive processing' is classified as cognitive_test_ability; establishing it requires evidence outside the transcript (requires_standardised_assessment).,,Rapid cognitive processing. cognitive test ability. NOT SCORABLE FROM CONVERSATION. 'Rapid cognitive processing' is classified as cognitive_test_ability; establishing it requires evidence outside the transcript (requires_standardised_assessment).,False,False,False,cognitive_test_score
F0381,Cordiality,Cordiality,cordiality,,,interpersonal,True,low,,"Rate how strongly the speaker describes relating to others in terms of 'Cordiality', on a 1-5 scale.","1=no or very weak evidence | 2=weak / passing evidence | 3=moderate, explicit evidence | 4=strong, elaborated evidence | 5=very strong, repeated or richly detailed evidence","Cordiality. interpersonal. Rate how strongly the speaker describes relating to others in terms of 'Cordiality', on a 1-5 scale.",False,False,False,interpersonal
F0382,Types of Mindfulness Techniques Used,Types of Mindfulness Techniques Used,types of mindfulness techniques used,,,spiritual_religious_disposition,True,medium,,"Rate how strongly the speaker expresses the disposition 'Types of Mindfulness Techniques Used', without inferring any specific tradition or affiliation, on a 1-5 scale.","1=no or very weak evidence | 2=weak / passing evidence | 3=moderate, explicit evidence | 4=strong, elaborated evidence | 5=very strong, repeated or richly detailed evidence","Types of Mindfulness Techniques Used. spiritual religious disposition. Rate how strongly the speaker expresses the disposition 'Types of Mindfulness Techniques Used', without inferring any specific tradition or affiliation, on a 1-5 scale.",False,False,False,spiritual_disposition
F0383,Economic reasoning,Economic reasoning,economic reasoning,,,cognitive_style,True,low,,"Rate how strongly the speaker's reasoning in this conversation exhibits 'Economic reasoning', on a 1-5 scale.","1=no or very weak evidence | 2=weak / passing evidence | 3=moderate, explicit evidence | 4=strong, elaborated evidence | 5=very strong, repeated or richly detailed evidence","Economic reasoning. cognitive style. Rate how strongly the speaker's reasoning in this conversation exhibits 'Economic reasoning', on a 1-5 scale.",False,False,False,cognitive_style
F0384,Conformity,Conformity,conformity,,,behavioral_tendency,True,low,,"Rate how strongly the speaker describes acting in ways characteristic of 'Conformity', on a 1-5 scale.","1=no or very weak evidence | 2=weak / passing evidence | 3=moderate, explicit evidence | 4=strong, elaborated evidence | 5=very strong, repeated or richly detailed evidence","Conformity. behavioral tendency. Rate how strongly the speaker describes acting in ways characteristic of 'Conformity', on a 1-5 scale.",False,False,False,behavioral_tendency
F0385,Pet-enrichment activities count,Pet-enrichment activities count,pet enrichment activities count,,,quantified_activity_metric,False,low,requires_external_records,NOT SCORABLE FROM CONVERSATION. 'Pet-enrichment activities count' is classified as quantified_activity_metric; establishing it requires evidence outside the transcript (requires_external_records).,,Pet-enrichment activities count. quantified activity metric. NOT SCORABLE FROM CONVERSATION. 'Pet-enrichment activities count' is classified as quantified_activity_metric; establishing it requires evidence outside the transcript (requires_external_records).,False,False,False,quantified_count_noun
F0386,Aestheticism,Aestheticism,aestheticism,,,preference_lifestyle,True,medium,,"Rate how strongly the speaker states a preference or habit reflecting 'Aestheticism', on a 1-5 scale.","1=no or very weak evidence | 2=weak / passing evidence | 3=moderate, explicit evidence | 4=strong, elaborated evidence | 5=very strong, repeated or richly detailed evidence","Aestheticism. preference lifestyle. Rate how strongly the speaker states a preference or habit reflecting 'Aestheticism', on a 1-5 scale.",False,False,False,preference_lifestyle
F0387,Type of Support Preferred (Emotional vs. Practical),Type of Support Preferred (Emotional vs. Practical),type of support preferred emotional vs practical,,,emotional_state,True,medium,,"Rate how strongly the speaker expresses or reports the emotional state 'Type of Support Preferred (Emotional vs. Practical)', on a 1-5 scale.","1=no or very weak evidence | 2=weak / passing evidence | 3=moderate, explicit evidence | 4=strong, elaborated evidence | 5=very strong, repeated or richly detailed evidence","Type of Support Preferred (Emotional vs. Practical). emotional state. Rate how strongly the speaker expresses or reports the emotional state 'Type of Support Preferred (Emotional vs. Practical)', on a 1-5 scale.",False,False,False,emotional
F0388,Mental Arithmetic Speed,Mental Arithmetic Speed,mental arithmetic speed,,,cognitive_test_ability,False,low,requires_standardised_assessment,NOT SCORABLE FROM CONVERSATION. 'Mental Arithmetic Speed' is classified as cognitive_test_ability; establishing it requires evidence outside the transcript (requires_standardised_assessment).,,Mental Arithmetic Speed. cognitive test ability. NOT SCORABLE FROM CONVERSATION. 'Mental Arithmetic Speed' is classified as cognitive_test_ability; establishing it requires evidence outside the transcript (requires_standardised_assessment).,False,False,False,cognitive_test_score
F0389,Patience: Resistance to anger,Patience: Resistance to anger,patience resistance to anger,,,personality_trait,True,low,,"Rate how strongly the speaker's own words display the disposition 'Patience: Resistance to anger', on a 1-5 scale.","1=no or very weak evidence | 2=weak / passing evidence | 3=moderate, explicit evidence | 4=strong, elaborated evidence | 5=very strong, repeated or richly detailed evidence","Patience: Resistance to anger. personality trait. Rate how strongly the speaker's own words display the disposition 'Patience: Resistance to anger', on a 1-5 scale.",False,False,False,fallback_bare_trait_noun
F0390,Flawlessness,Flawlessness,flawlessness,,,personality_trait,True,low,,"Rate how strongly the speaker's own words display the disposition 'Flawlessness', on a 1-5 scale.","1=no or very weak evidence | 2=weak / passing evidence | 3=moderate, explicit evidence | 4=strong, elaborated evidence | 5=very strong, repeated or richly detailed evidence","Flawlessness. personality trait. Rate how strongly the speaker's own words display the disposition 'Flawlessness', on a 1-5 scale.",False,False,False,fallback_bare_trait_noun
F0391,Self-Efficacy,Self-Efficacy,self efficacy,,,personality_trait,True,low,,"Rate how strongly the speaker's own words display the disposition 'Self-Efficacy', on a 1-5 scale.","1=no or very weak evidence | 2=weak / passing evidence | 3=moderate, explicit evidence | 4=strong, elaborated evidence | 5=very strong, repeated or richly detailed evidence","Self-Efficacy. personality trait. Rate how strongly the speaker's own words display the disposition 'Self-Efficacy', on a 1-5 scale.",False,False,False,fallback_bare_trait_noun
F0392,Computer Skills:,Computer Skills,computer skills,,,instrument_or_scale_header,False,low,malformed_or_header_row,NOT SCORABLE FROM CONVERSATION. 'Computer Skills' is classified as instrument_or_scale_header; establishing it requires evidence outside the transcript (malformed_or_header_row).,,Computer Skills. instrument or scale header. NOT SCORABLE FROM CONVERSATION. 'Computer Skills' is classified as instrument_or_scale_header; establishing it requires evidence outside the transcript (malformed_or_header_row).,True,False,False,structural_header
F0393,899. Jewish spiritual metric: Shabbat candle-lighting consistency,Shabbat candle-lighting consistency,shabbat candle lighting consistency,899,Jewish spiritual metric,quantified_activity_metric,False,low,requires_external_records,NOT SCORABLE FROM CONVERSATION. 'Shabbat candle-lighting consistency' is classified as quantified_activity_metric; establishing it requires evidence outside the transcript (requires_external_records).,,Shabbat candle-lighting consistency. quantified activity metric. NOT SCORABLE FROM CONVERSATION. 'Shabbat candle-lighting consistency' is classified as quantified_activity_metric; establishing it requires evidence outside the transcript (requires_external_records).,False,True,False,quantified_count_noun
F0394,Spelling Accuracy,Spelling Accuracy,spelling accuracy,,,cognitive_test_ability,False,low,requires_standardised_assessment,NOT SCORABLE FROM CONVERSATION. 'Spelling Accuracy' is classified as cognitive_test_ability; establishing it requires evidence outside the transcript (requires_standardised_assessment).,,Spelling Accuracy. cognitive test ability. NOT SCORABLE FROM CONVERSATION. 'Spelling Accuracy' is classified as cognitive_test_ability; establishing it requires evidence outside the transcript (requires_standardised_assessment).,False,False,False,cognitive_test_score
F0395,793. Sufi practice: Dhikr repetitions / day,Dhikr repetitions / day,dhikr repetitions day,793,Sufi practice,quantified_activity_metric,False,low,requires_external_records,NOT SCORABLE FROM CONVERSATION. 'Dhikr repetitions / day' is classified as quantified_activity_metric; establishing it requires evidence outside the transcript (requires_external_records).,,Dhikr repetitions / day. quantified activity metric. NOT SCORABLE FROM CONVERSATION. 'Dhikr repetitions / day' is classified as quantified_activity_metric; establishing it requires evidence outside the transcript (requires_external_records).,False,True,False,quantified_unit_bearing
F0396,Peacefulness,Peacefulness,peacefulness,,,emotional_state,True,medium,,"Rate how strongly the speaker expresses or reports the emotional state 'Peacefulness', on a 1-5 scale.","1=no or very weak evidence | 2=weak / passing evidence | 3=moderate, explicit evidence | 4=strong, elaborated evidence | 5=very strong, repeated or richly detailed evidence","Peacefulness. emotional state. Rate how strongly the speaker expresses or reports the emotional state 'Peacefulness', on a 1-5 scale.",False,False,False,emotional
F0397,Doggedness,Doggedness,doggedness,,,personality_trait,True,low,,"Rate how strongly the speaker's own words display the disposition 'Doggedness', on a 1-5 scale.","1=no or very weak evidence | 2=weak / passing evidence | 3=moderate, explicit evidence | 4=strong, elaborated evidence | 5=very strong, repeated or richly detailed evidence","Doggedness. personality trait. Rate how strongly the speaker's own words display the disposition 'Doggedness', on a 1-5 scale.",False,False,False,fallback_bare_trait_noun
F0398,Decency,Decency,decency,,,personality_trait,True,low,,"Rate how strongly the speaker's own words display the disposition 'Decency', on a 1-5 scale.","1=no or very weak evidence | 2=weak / passing evidence | 3=moderate, explicit evidence | 4=strong, elaborated evidence | 5=very strong, repeated or richly detailed evidence","Decency. personality trait. Rate how strongly the speaker's own words display the disposition 'Decency', on a 1-5 scale.",False,False,False,fallback_bare_trait_noun
F0399,Processed-food frequency,Processed-food frequency,processed food frequency,,,quantified_activity_metric,False,low,requires_external_records,NOT SCORABLE FROM CONVERSATION. 'Processed-food frequency' is classified as quantified_activity_metric; establishing it requires evidence outside the transcript (requires_external_records).,,Processed-food frequency. quantified activity metric. NOT SCORABLE FROM CONVERSATION. 'Processed-food frequency' is classified as quantified_activity_metric; establishing it requires evidence outside the transcript (requires_external_records).,False,False,False,quantified_count_noun
